time,bat_landing_to_food,habit,rat_period_start,rat_period_end,seconds_after_rat_arrival,risk,reward,month,sunset_time,hours_after_sunset,season,fight,dataset,bat_landing_number,food_availability,rat_minutes,rat_arrival_number,rat_present
26/12/2017 16:43:00,,,,,,,,0,,0.0,0,,dataset2,28.0,4.0,0.0,0.0,0.0
26/12/2017 17:13:00,,,,,,,,0,,0.5,0,,dataset2,25.0,4.0,0.0,0.0,0.0
26/12/2017 17:43:00,,,,,,,,0,,1.0,0,,dataset2,71.0,4.0,0.0,0.0,0.0
26/12/2017 18:13:00,,,,,,,,0,,1.5,0,,dataset2,44.0,3.753856942,0.0,0.0,0.0
26/12/2017 18:43:00,,,,,,,,0,,2.0,0,,dataset2,44.0,3.147265077,0.0,0.0,0.0
26/12/2017 19:13:00,,,,,,,,0,,2.5,0,,dataset2,41.0,3.0,0.0,0.0,0.0
26/12/2017 19:43:00,,,,,,,,0,,3.0,0,,dataset2,54.0,3.0,0.0,0.0,0.0
26/12/2017 20:13:00,,,,,,,,0,,3.5,0,,dataset2,32.0,3.0,0.0,0.0,0.0
26/12/2017 20:43:00,,,,,,,,0,,4.0,0,,dataset2,51.0,2.968873797,1.283333333,2.0,1.0
26/12/2017 20:57:00,1.0,other,26/12/17 20:53,26/12/17 20:58,239.0,0.0,0.0,0,26/12/17 16:43,4.248611111,0,0.0,dataset1,,,,,
26/12/2017 20:57:00,5.0,other,26/12/17 20:53,26/12/17 20:58,199.0,0.0,0.0,0,26/12/17 16:43,4.2375,0,0.0,dataset1,,,,,
26/12/2017 21:13:00,,,,,,,,0,,4.5,0,,dataset2,53.0,2.561403509,4.866666667,1.0,1.0
26/12/2017 21:24:00,5.0,pick,26/12/17 21:22,26/12/17 21:27,128.0,0.0,1.0,0,26/12/17 16:43,4.695555556,0,0.0,dataset1,,,,,
26/12/2017 21:24:00,3.0,fast,26/12/17 21:22,26/12/17 21:27,121.0,0.0,1.0,0,26/12/17 16:43,4.693611111,0,0.0,dataset1,,,,,
26/12/2017 21:24:00,6.0,pick,26/12/17 21:22,26/12/17 21:27,113.0,0.0,1.0,0,26/12/17 16:43,4.691388889,0,0.0,dataset1,,,,,
26/12/2017 21:24:00,15.0,rat,26/12/17 21:22,26/12/17 21:27,88.0,1.0,0.0,0,26/12/17 16:43,4.684444444,0,0.0,dataset1,,,,,
26/12/2017 21:25:00,6.0,pick,26/12/17 21:22,26/12/17 21:27,153.0,0.0,1.0,0,26/12/17 16:43,4.7025,0,0.0,dataset1,,,,,
26/12/2017 21:26:00,1.0,bat,26/12/17 21:22,26/12/17 21:27,216.0,1.0,0.0,0,26/12/17 16:43,4.72,0,1.0,dataset1,,,,,
26/12/2017 21:26:00,10.0,rat,26/12/17 21:22,26/12/17 21:27,208.0,1.0,0.0,0,26/12/17 16:43,4.717777778,0,0.0,dataset1,,,,,
26/12/2017 21:43:00,,,,,,,,0,,5.0,0,,dataset2,47.0,2.086587436,7.9,1.0,1.0
26/12/2017 22:13:00,,,,,,,,0,,5.5,0,,dataset2,75.0,2.0,0.133333333,1.0,1.0
26/12/2017 22:43:00,,,,,,,,0,,6.0,0,,dataset2,45.0,1.958064516,0.0,0.0,0.0
26/12/2017 23:13:00,,,,,,,,0,,6.5,0,,dataset2,30.0,1.55,0.0,0.0,0.0
26/12/2017 23:43:00,,,,,,,,0,,7.0,0,,dataset2,44.0,1.049289229,0.0,0.0,0.0
27/12/2017 00:13:00,,,,,,,,0,,7.5,0,,dataset2,30.0,0.542372881,0.0,0.0,0.0
27/12/2017 00:43:00,,,,,,,,0,,8.0,0,,dataset2,26.0,0.144067797,0.0,0.0,0.0
27/12/2017 01:13:00,,,,,,,,0,,8.5,0,,dataset2,16.0,0.0,6.683333333,1.0,1.0
27/12/2017 01:35:00,2.0,rat,27/12/17 01:34,27/12/17 01:41,37.0,1.0,0.0,0,26/12/17 16:43,8.8725,0,0.0,dataset1,,,,,
27/12/2017 01:43:00,,,,,,,,0,,9.0,0,,dataset2,13.0,0.0,0.016666667,1.0,1.0
27/12/2017 02:13:00,,,,,,,,0,,9.5,0,,dataset2,17.0,0.0,0.0,0.0,0.0
27/12/2017 02:43:00,,,,,,,,0,,10.0,0,,dataset2,15.0,0.0,0.0,0.0,0.0
27/12/2017 03:13:00,,,,,,,,0,,10.5,0,,dataset2,14.0,0.0,0.0,0.0,0.0
27/12/2017 03:43:00,,,,,,,,0,,11.0,0,,dataset2,13.0,0.0,0.0,0.0,0.0
27/12/2017 16:43:00,,,,,,,,0,,0.0,0,,dataset2,18.0,4.0,0.0,0.0,0.0
27/12/2017 17:13:00,,,,,,,,0,,0.5,0,,dataset2,31.0,4.0,0.0,0.0,0.0
27/12/2017 17:43:00,,,,,,,,0,,1.0,0,,dataset2,35.0,4.0,0.0,0.0,0.0
27/12/2017 18:13:00,,,,,,,,0,,1.5,0,,dataset2,22.0,4.0,0.0,0.0,0.0
27/12/2017 18:43:00,,,,,,,,0,,2.0,0,,dataset2,24.0,3.964516129,0.0,0.0,0.0
27/12/2017 19:13:00,,,,,,,,0,,2.5,0,,dataset2,30.0,3.566666667,0.0,0.0,0.0
27/12/2017 19:43:00,,,,,,,,0,,3.0,0,,dataset2,73.0,3.102150538,0.0,0.0,0.0
27/12/2017 20:13:00,,,,,,,,0,,3.5,0,,dataset2,67.0,3.0,0.0,0.0,0.0
27/12/2017 20:43:00,,,,,,,,0,,4.0,0,,dataset2,2.0,3.0,0.0,0.0,0.0
27/12/2017 21:13:00,,,,,,,,0,,4.5,0,,dataset2,25.0,3.0,0.0,0.0,0.0
27/12/2017 21:43:00,,,,,,,,0,,5.0,0,,dataset2,48.0,2.970430108,0.0,0.0,0.0
27/12/2017 22:13:00,,,,,,,,0,,5.5,0,,dataset2,52.0,2.583333333,0.0,0.0,0.0
27/12/2017 22:43:00,,,,,,,,0,,6.0,0,,dataset2,61.0,2.112903226,0.0,0.0,0.0
27/12/2017 23:13:00,,,,,,,,0,,6.5,0,,dataset2,17.0,2.0,0.0,0.0,0.0
27/12/2017 23:43:00,,,,,,,,0,,7.0,0,,dataset2,12.0,2.0,0.0,0.0,0.0
28/12/2017 00:13:00,,,,,,,,0,,7.5,0,,dataset2,11.0,2.0,0.0,0.0,0.0
28/12/2017 00:43:00,,,,,,,,0,,8.0,0,,dataset2,34.0,1.953405018,4.166666667,1.0,1.0
28/12/2017 01:13:00,,,,,,,,0,,8.5,0,,dataset2,40.0,1.555555556,0.0,0.0,0.0
28/12/2017 01:43:00,,,,,,,,0,,9.0,0,,dataset2,37.0,1.107526882,0.0,0.0,0.0
28/12/2017 02:13:00,,,,,,,,0,,9.5,0,,dataset2,34.0,1.0,0.0,0.0,0.0
28/12/2017 02:43:00,,,,,,,,0,,10.0,0,,dataset2,23.0,1.0,0.0,0.0,0.0
28/12/2017 03:13:00,,,,,,,,0,,10.5,0,,dataset2,21.0,1.0,0.0,0.0,0.0
28/12/2017 03:43:00,,,,,,,,0,,11.0,0,,dataset2,5.0,0.971774194,16.01666667,1.0,1.0
28/12/2017 03:58:00,2.0,fast,28/12/17 03:56,28/12/17 04:13,107.0,0.0,1.0,0,27/12/17 16:43,11.26277778,0,0.0,dataset1,,,,,
28/12/2017 04:02:00,2.0,fast,28/12/17 03:56,28/12/17 04:13,358.0,0.0,1.0,0,27/12/17 16:43,11.3325,0,0.0,dataset1,,,,,
28/12/2017 04:11:00,1.0,other,28/12/17 03:56,28/12/17 04:13,852.0,0.0,0.0,0,27/12/17 16:43,11.46972222,0,0.0,dataset1,,,,,
28/12/2017 04:13:00,,,,,,,,0,,11.5,0,,dataset2,11.0,0.730769231,0.883333333,1.0,1.0
28/12/2017 04:43:00,,,,,,,,0,,12.0,0,,dataset2,3.0,0.442307692,0.0,0.0,0.0
28/12/2017 16:44:00,,,,,,,,0,,0.0,0,,dataset2,3.0,4.0,0.0,0.0,0.0
28/12/2017 17:14:00,,,,,,,,0,,0.5,0,,dataset2,24.0,4.0,0.0,0.0,0.0
28/12/2017 17:44:00,,,,,,,,0,,1.0,0,,dataset2,23.0,4.0,0.0,0.0,0.0
28/12/2017 18:14:00,,,,,,,,0,,1.5,0,,dataset2,48.0,4.0,0.0,0.0,0.0
28/12/2017 18:44:00,,,,,,,,0,,2.0,0,,dataset2,55.0,3.962648557,0.0,0.0,0.0
28/12/2017 19:14:00,,,,,,,,0,,2.5,0,,dataset2,23.0,3.543859649,8.1,1.0,1.0
28/12/2017 19:36:00,2.0,rat,28/12/17 19:35,28/12/17 19:46,40.0,1.0,0.0,0,28/12/17 16:44,2.876111111,0,0.0,dataset1,,,,,
28/12/2017 19:36:00,1.0,fast,28/12/17 19:35,28/12/17 19:46,14.0,0.0,1.0,0,28/12/17 16:44,2.868888889,0,0.0,dataset1,,,,,
28/12/2017 19:37:00,26.0,rat,28/12/17 19:35,28/12/17 19:46,68.0,1.0,0.0,0,28/12/17 16:44,2.883888889,0,0.0,dataset1,,,,,
28/12/2017 19:44:00,,,,,,,,0,,3.0,0,,dataset2,23.0,3.07696661,2.5,1.0,1.0
28/12/2017 19:44:00,5.0,rat,28/12/17 19:35,28/12/17 19:46,521.0,1.0,0.0,0,28/12/17 16:44,3.009722222,0,0.0,dataset1,,,,,
28/12/2017 19:45:00,15.0,pick,28/12/17 19:35,28/12/17 19:46,564.0,1.0,1.0,0,28/12/17 16:44,3.021666667,0,0.0,dataset1,,,,,
28/12/2017 19:46:00,24.0,rat,28/12/17 19:35,28/12/17 19:46,607.0,1.0,0.0,0,28/12/17 16:44,3.033611111,0,0.0,dataset1,,,,,
28/12/2017 20:14:00,,,,,,,,0,,3.5,0,,dataset2,32.0,3.0,0.0,0.0,0.0
28/12/2017 20:44:00,,,,,,,,0,,4.0,0,,dataset2,29.0,3.0,0.0,0.0,0.0
28/12/2017 21:14:00,,,,,,,,0,,4.5,0,,dataset2,50.0,3.0,0.0,0.0,0.0
28/12/2017 21:44:00,,,,,,,,0,,5.0,0,,dataset2,49.0,2.951877314,0.0,0.0,0.0
28/12/2017 22:14:00,,,,,,,,0,,5.5,0,,dataset2,57.0,2.540983607,0.0,0.0,0.0
28/12/2017 22:44:00,,,,,,,,0,,6.0,0,,dataset2,66.0,2.090428345,0.0,0.0,0.0
28/12/2017 23:14:00,,,,,,,,0,,6.5,0,,dataset2,52.0,2.0,0.0,0.0,0.0
28/12/2017 23:44:00,,,,,,,,0,,7.0,0,,dataset2,42.0,2.0,0.0,0.0,0.0
29/12/2017 00:14:00,,,,,,,,0,,7.5,0,,dataset2,29.0,2.0,0.0,0.0,0.0
29/12/2017 00:44:00,,,,,,,,0,,8.0,0,,dataset2,38.0,1.951075269,0.0,0.0,0.0
29/12/2017 01:14:00,,,,,,,,0,,8.5,0,,dataset2,44.0,1.533333333,0.0,0.0,0.0
29/12/2017 01:44:00,,,,,,,,0,,9.0,0,,dataset2,23.0,1.082258065,0.0,0.0,0.0
29/12/2017 02:14:00,,,,,,,,0,,9.5,0,,dataset2,25.0,1.0,0.0,0.0,0.0
29/12/2017 02:44:00,,,,,,,,0,,10.0,0,,dataset2,31.0,0.947076613,0.0,0.0,0.0
29/12/2017 03:14:00,,,,,,,,0,,10.5,0,,dataset2,24.0,0.546875,0.0,0.0,0.0
29/12/2017 03:44:00,,,,,,,,0,,11.0,0,,dataset2,18.0,0.15625,0.9,1.0,1.0
29/12/2017 04:14:00,,,,,,,,0,,11.5,0,,dataset2,3.0,0.0,0.0,0.0,0.0
29/12/2017 04:44:00,,,,,,,,0,,12.0,0,,dataset2,6.0,0.0,0.0,0.0,0.0
29/12/2017 16:45:00,,,,,,,,0,,0.0,0,,dataset2,7.0,4.0,0.0,0.0,0.0
29/12/2017 17:15:00,,,,,,,,0,,0.5,0,,dataset2,14.0,4.0,0.0,0.0,0.0
29/12/2017 17:45:00,,,,,,,,0,,1.0,0,,dataset2,14.0,4.0,0.0,0.0,0.0
29/12/2017 18:15:00,,,,,,,,0,,1.5,0,,dataset2,9.0,4.0,6.783333333,1.0,1.0
29/12/2017 18:45:00,,,,,,,,0,,2.0,0,,dataset2,19.0,3.949388209,0.0,0.0,0.0
29/12/2017 19:15:00,,,,,,,,0,,2.5,0,,dataset2,26.0,3.517241379,0.0,0.0,0.0
29/12/2017 19:45:00,,,,,,,,0,,3.0,0,,dataset2,29.0,3.066740823,0.0,0.0,0.0
29/12/2017 20:15:00,,,,,,,,0,,3.5,0,,dataset2,15.0,3.0,0.0,0.0,0.0
29/12/2017 20:45:00,,,,,,,,0,,4.0,0,,dataset2,67.0,3.0,0.0,0.0,0.0
29/12/2017 21:15:00,,,,,,,,0,,4.5,0,,dataset2,56.0,3.0,0.0,0.0,0.0
29/12/2017 21:45:00,,,,,,,,0,,5.0,0,,dataset2,45.0,3.0,0.0,0.0,0.0
29/12/2017 22:15:00,,,,,,,,0,,5.5,0,,dataset2,60.0,3.0,0.0,0.0,0.0
29/12/2017 22:45:00,,,,,,,,0,,6.0,0,,dataset2,59.0,3.0,0.0,0.0,0.0
29/12/2017 23:15:00,,,,,,,,0,,6.5,0,,dataset2,40.0,3.0,8.883333333,1.0,1.0
29/12/2017 23:45:00,,,,,,,,0,,7.0,0,,dataset2,49.0,2.939516129,0.0,0.0,0.0
30/12/2017 00:15:00,,,,,,,,0,,7.5,0,,dataset2,42.0,2.53125,0.0,0.0,0.0
30/12/2017 00:45:00,,,,,,,,0,,8.0,0,,dataset2,39.0,2.057747696,0.0,0.0,0.0
30/12/2017 01:15:00,,,,,,,,0,,8.5,0,,dataset2,47.0,1.535714286,0.0,0.0,0.0
30/12/2017 01:45:00,,,,,,,,0,,9.0,0,,dataset2,30.0,1.069124424,0.0,0.0,0.0
30/12/2017 02:15:00,,,,,,,,0,,9.5,0,,dataset2,41.0,1.0,0.0,0.0,0.0
30/12/2017 02:45:00,,,,,,,,0,,10.0,0,,dataset2,34.0,1.0,0.0,0.0,0.0
30/12/2017 03:15:00,,,,,,,,0,,10.5,0,,dataset2,23.0,1.0,0.0,0.0,0.0
30/12/2017 03:45:00,,,,,,,,0,,11.0,0,,dataset2,13.0,0.943074004,0.0,0.0,0.0
30/12/2017 04:15:00,,,,,,,,0,,11.5,0,,dataset2,16.0,0.558823529,0.0,0.0,0.0
30/12/2017 04:45:00,,,,,,,,0,,12.0,0,,dataset2,7.0,0.169117647,0.0,0.0,0.0
30/12/2017 05:15:00,,,,,,,,0,,12.5,0,,dataset2,7.0,0.0,0.0,0.0,0.0
30/12/2017 05:45:00,,,,,,,,0,,13.0,0,,dataset2,5.0,0.0,0.0,0.0,0.0
30/12/2017 06:15:00,,,,,,,,0,,13.5,0,,dataset2,1.0,0.0,0.0,0.0,0.0
30/12/2017 16:45:00,,,,,,,,0,,0.0,0,,dataset2,21.0,4.0,0.0,0.0,0.0
30/12/2017 17:15:00,,,,,,,,0,,0.5,0,,dataset2,32.0,4.0,0.0,0.0,0.0
30/12/2017 17:45:00,,,,,,,,0,,1.0,0,,dataset2,13.0,4.0,0.0,0.0,0.0
30/12/2017 18:15:00,,,,,,,,0,,1.5,0,,dataset2,36.0,4.0,3.283333333,1.0,1.0
30/12/2017 18:37:00,16.0,rat,30/12/17 18:35,30/12/17 18:38,108.0,1.0,0.0,0,30/12/17 16:45,1.870833333,0,0.0,dataset1,,,,,
30/12/2017 18:45:00,,,,,,,,0,,2.0,0,,dataset2,20.0,3.955857385,0.0,0.0,0.0
30/12/2017 19:15:00,,,,,,,,0,,2.5,0,,dataset2,35.0,3.526315789,0.0,0.0,0.0
30/12/2017 19:45:00,,,,,,,,0,,3.0,0,,dataset2,37.0,3.067911715,5.0,1.0,1.0
30/12/2017 19:51:00,4.0,fast,30/12/17 19:50,30/12/17 19:55,41.0,0.0,1.0,0,30/12/17 16:45,3.1075,0,0.0,dataset1,,,,,
30/12/2017 19:51:00,0.074015603,fast,30/12/17 19:50,30/12/17 19:55,17.0,0.0,1.0,0,30/12/17 16:45,3.100833333,0,0.0,dataset1,,,,,
30/12/2017 19:52:00,10.0,rat,30/12/17 19:50,30/12/17 19:55,111.0,1.0,0.0,0,30/12/17 16:45,3.126944444,0,0.0,dataset1,,,,,
30/12/2017 19:54:00,13.0,rat,30/12/17 19:50,30/12/17 19:55,253.0,1.0,0.0,0,30/12/17 16:45,3.166388889,0,0.0,dataset1,,,,,
30/12/2017 19:54:00,24.0,rat,30/12/17 19:50,30/12/17 19:55,215.0,1.0,0.0,0,30/12/17 16:45,3.155833333,0,0.0,dataset1,,,,,
30/12/2017 19:54:00,15.0,rat,30/12/17 19:50,30/12/17 19:55,194.0,1.0,0.0,0,30/12/17 16:45,3.15,0,0.0,dataset1,,,,,
30/12/2017 20:15:00,,,,,,,,0,,3.5,0,,dataset2,33.0,3.0,0.0,0.0,0.0
30/12/2017 20:45:00,,,,,,,,0,,4.0,0,,dataset2,39.0,3.0,0.0,0.0,0.0
30/12/2017 21:15:00,,,,,,,,0,,4.5,0,,dataset2,25.0,3.0,0.0,0.0,0.0
30/12/2017 21:45:00,,,,,,,,0,,5.0,0,,dataset2,10.0,3.0,0.0,0.0,0.0
30/12/2017 22:15:00,,,,,,,,0,,5.5,0,,dataset2,64.0,3.0,0.0,0.0,0.0
30/12/2017 22:45:00,,,,,,,,0,,6.0,0,,dataset2,41.0,3.0,0.0,0.0,0.0
30/12/2017 23:15:00,,,,,,,,0,,6.5,0,,dataset2,5.0,3.0,0.0,0.0,0.0
30/12/2017 23:45:00,,,,,,,,0,,7.0,0,,dataset2,31.0,2.943548387,0.0,0.0,0.0
31/12/2017 00:15:00,,,,,,,,0,,7.5,0,,dataset2,45.0,2.516666667,0.0,0.0,0.0
31/12/2017 00:45:00,,,,,,,,0,,8.0,0,,dataset2,42.0,2.07311828,0.0,0.0,0.0
31/12/2017 01:15:00,,,,,,,,0,,8.5,0,,dataset2,53.0,2.0,0.0,0.0,0.0
31/12/2017 01:45:00,,,,,,,,0,,9.0,0,,dataset2,45.0,2.0,0.0,0.0,0.0
31/12/2017 02:15:00,,,,,,,,0,,9.5,0,,dataset2,27.0,2.0,0.0,0.0,0.0
31/12/2017 02:45:00,,,,,,,,0,,10.0,0,,dataset2,24.0,1.957353745,0.0,0.0,0.0
31/12/2017 03:15:00,,,,,,,,0,,10.5,0,,dataset2,26.0,1.542372881,0.0,0.0,0.0
31/12/2017 03:45:00,,,,,,,,0,,11.0,0,,dataset2,17.0,1.083652269,0.0,0.0,0.0
31/12/2017 04:15:00,,,,,,,,0,,11.5,0,,dataset2,8.0,1.0,0.0,0.0,0.0
31/12/2017 04:45:00,,,,,,,,0,,12.0,0,,dataset2,12.0,1.0,0.0,0.0,0.0
31/12/2017 05:15:00,,,,,,,,0,,12.5,0,,dataset2,6.0,1.0,0.0,0.0,0.0
31/12/2017 06:15:00,,,,,,,,0,,13.5,0,,dataset2,5.0,1.0,0.0,0.0,0.0
31/12/2017 16:46:00,,,,,,,,0,,0.0,0,,dataset2,4.0,4.0,0.0,0.0,0.0
31/12/2017 17:16:00,,,,,,,,0,,0.5,0,,dataset2,3.0,4.0,0.0,0.0,0.0
31/12/2017 17:46:00,,,,,,,,0,,1.0,0,,dataset2,14.0,4.0,0.0,0.0,0.0
31/12/2017 18:16:00,,,,,,,,0,,1.5,0,,dataset2,14.0,3.723839496,0.0,0.0,0.0
31/12/2017 18:46:00,,,,,,,,0,,2.0,0,,dataset2,31.0,3.094413847,0.0,0.0,0.0
31/12/2017 19:16:00,,,,,,,,0,,2.5,0,,dataset2,22.0,3.0,0.0,0.0,0.0
31/12/2017 19:46:00,,,,,,,,0,,3.0,0,,dataset2,19.0,3.0,0.0,0.0,0.0
31/12/2017 20:16:00,,,,,,,,0,,3.5,0,,dataset2,29.0,3.0,0.0,0.0,0.0
31/12/2017 20:46:00,,,,,,,,0,,4.0,0,,dataset2,24.0,3.0,0.0,0.0,0.0
31/12/2017 21:16:00,,,,,,,,0,,4.5,0,,dataset2,38.0,3.0,0.0,0.0,0.0
31/12/2017 21:46:00,,,,,,,,0,,5.0,0,,dataset2,20.0,3.0,0.0,0.0,0.0
31/12/2017 22:16:00,,,,,,,,0,,5.5,0,,dataset2,17.0,3.0,0.0,0.0,0.0
31/12/2017 22:46:00,,,,,,,,0,,6.0,0,,dataset2,18.0,2.92688172,0.0,0.0,0.0
31/12/2017 23:16:00,,,,,,,,0,,6.5,0,,dataset2,28.0,2.483333333,0.0,0.0,0.0
31/12/2017 23:46:00,,,,,,,,0,,7.0,0,,dataset2,45.0,2.056451613,0.0,0.0,0.0
01/01/2018 00:16:00,,,,,,,,1,,7.5,0,,dataset2,34.0,2.0,0.0,0.0,0.0
01/01/2018 00:46:00,,,,,,,,1,,8.0,0,,dataset2,35.0,2.0,0.0,0.0,0.0
01/01/2018 01:16:00,,,,,,,,1,,8.5,0,,dataset2,31.0,2.0,0.0,0.0,0.0
01/01/2018 01:46:00,,,,,,,,1,,9.0,0,,dataset2,18.0,1.92688172,4.933333333,1.0,1.0
01/01/2018 01:52:00,2.0,fast,1/1/18 01:50,1/1/18 01:55,115.0,0.0,1.0,1,31/12/17 16:46,9.108333333,0,0.0,dataset1,,,,,
01/01/2018 02:16:00,,,,,,,,1,,9.5,0,,dataset2,27.0,1.483333333,0.0,0.0,0.0
01/01/2018 02:46:00,,,,,,,,1,,10.0,0,,dataset2,38.0,1.056451613,0.0,0.0,0.0
01/01/2018 03:16:00,,,,,,,,1,,10.5,0,,dataset2,54.0,1.0,0.0,0.0,0.0
01/01/2018 03:46:00,,,,,,,,1,,11.0,0,,dataset2,13.0,1.0,0.0,0.0,0.0
01/01/2018 04:16:00,,,,,,,,1,,11.5,0,,dataset2,8.0,1.0,0.0,0.0,0.0
01/01/2018 04:46:00,,,,,,,,1,,12.0,0,,dataset2,27.0,1.0,0.0,0.0,0.0
01/01/2018 05:16:00,,,,,,,,1,,12.5,0,,dataset2,22.0,1.0,0.0,0.0,0.0
01/01/2018 05:46:00,,,,,,,,1,,13.0,0,,dataset2,4.0,1.0,0.083333333,1.0,1.0
01/01/2018 06:16:00,,,,,,,,1,,13.5,0,,dataset2,2.0,0.0,0.0,0.0,0.0
01/01/2018 16:47:00,,,,,,,,1,,0.0,0,,dataset2,18.0,4.0,0.0,0.0,0.0
01/01/2018 17:17:00,,,,,,,,1,,0.5,0,,dataset2,12.0,4.0,0.0,0.0,0.0
01/01/2018 17:47:00,,,,,,,,1,,1.0,0,,dataset2,17.0,4.0,0.0,0.0,0.0
01/01/2018 18:17:00,,,,,,,,1,,1.5,0,,dataset2,29.0,4.0,0.0,0.0,0.0
01/01/2018 18:47:00,,,,,,,,1,,2.0,0,,dataset2,37.0,3.94160178,0.0,0.0,0.0
01/01/2018 19:17:00,,,,,,,,1,,2.5,0,,dataset2,32.0,3.5,0.0,0.0,0.0
01/01/2018 19:47:00,,,,,,,,1,,3.0,0,,dataset2,25.0,3.05839822,0.0,0.0,0.0
01/01/2018 20:17:00,,,,,,,,1,,3.5,0,,dataset2,16.0,3.0,0.0,0.0,0.0
01/01/2018 20:47:00,,,,,,,,1,,4.0,0,,dataset2,62.0,3.0,0.0,0.0,0.0
01/01/2018 21:17:00,,,,,,,,1,,4.5,0,,dataset2,42.0,3.0,0.0,0.0,0.0
01/01/2018 21:47:00,,,,,,,,1,,5.0,0,,dataset2,49.0,3.0,0.0,0.0,0.0
01/01/2018 22:17:00,,,,,,,,1,,5.5,0,,dataset2,50.0,3.0,0.0,0.0,0.0
01/01/2018 22:47:00,,,,,,,,1,,6.0,0,,dataset2,66.0,2.920395421,0.0,0.0,0.0
01/01/2018 23:17:00,,,,,,,,1,,6.5,0,,dataset2,39.0,2.483870968,0.0,0.0,0.0
01/01/2018 23:47:00,,,,,,,,1,,7.0,0,,dataset2,52.0,2.062434964,0.0,0.0,0.0
02/01/2018 00:17:00,,,,,,,,1,,7.5,0,,dataset2,39.0,2.0,0.0,0.0,0.0
02/01/2018 00:47:00,,,,,,,,1,,8.0,0,,dataset2,23.0,2.0,0.0,0.0,0.0
02/01/2018 01:17:00,,,,,,,,1,,8.5,0,,dataset2,40.0,2.0,0.0,0.0,0.0
02/01/2018 01:47:00,,,,,,,,1,,9.0,0,,dataset2,34.0,1.837760911,0.0,0.0,0.0
02/01/2018 02:17:00,,,,,,,,1,,9.5,0,,dataset2,28.0,1.235294118,0.0,0.0,0.0
02/01/2018 02:47:00,,,,,,,,1,,10.0,0,,dataset2,32.0,0.0,0.0,0.0,0.0
02/01/2018 03:17:00,,,,,,,,1,,10.5,0,,dataset2,28.0,0.0,0.0,0.0,0.0
02/01/2018 03:47:00,,,,,,,,1,,11.0,0,,dataset2,7.0,0.0,2.316666667,1.0,1.0
02/01/2018 04:17:00,,,,,,,,1,,11.5,0,,dataset2,5.0,0.0,0.0,0.0,0.0
02/01/2018 04:47:00,,,,,,,,1,,12.0,0,,dataset2,1.0,0.0,0.0,0.0,0.0
02/01/2018 05:47:00,,,,,,,,1,,13.0,0,,dataset2,5.0,0.0,0.0,0.0,0.0
02/01/2018 06:17:00,,,,,,,,1,,13.5,0,,dataset2,4.0,0.0,0.0,0.0,0.0
03/01/2018 16:48:00,,,,,,,,1,,0.0,0,,dataset2,10.0,4.0,0.0,0.0,0.0
03/01/2018 17:18:00,,,,,,,,1,,0.5,0,,dataset2,10.0,4.0,0.0,0.0,0.0
03/01/2018 17:48:00,,,,,,,,1,,1.0,0,,dataset2,5.0,4.0,0.0,0.0,0.0
03/01/2018 18:18:00,,,,,,,,1,,1.5,0,,dataset2,24.0,4.0,0.0,0.0,0.0
03/01/2018 18:48:00,,,,,,,,1,,2.0,0,,dataset2,16.0,3.938021022,0.0,0.0,0.0
03/01/2018 19:18:00,,,,,,,,1,,2.5,0,,dataset2,11.0,3.629213483,0.0,0.0,0.0
03/01/2018 19:48:00,,,,,,,,1,,3.0,0,,dataset2,12.0,3.292134831,0.0,0.0,0.0
03/01/2018 20:18:00,,,,,,,,1,,3.5,0,,dataset2,10.0,3.023921711,0.0,0.0,0.0
03/01/2018 20:48:00,,,,,,,,1,,4.0,0,,dataset2,16.0,3.0,0.0,0.0,0.0
03/01/2018 21:18:00,,,,,,,,1,,4.5,0,,dataset2,30.0,3.0,0.0,0.0,0.0
03/01/2018 21:48:00,,,,,,,,1,,5.0,0,,dataset2,21.0,3.0,0.0,0.0,0.0
03/01/2018 22:18:00,,,,,,,,1,,5.5,0,,dataset2,32.0,3.0,0.0,0.0,0.0
03/01/2018 22:48:00,,,,,,,,1,,6.0,0,,dataset2,40.0,2.9243604,0.0,0.0,0.0
03/01/2018 23:18:00,,,,,,,,1,,6.5,0,,dataset2,32.0,2.465517241,0.0,0.0,0.0
03/01/2018 23:48:00,,,,,,,,1,,7.0,0,,dataset2,32.0,2.043381535,0.0,0.0,0.0
04/01/2018 00:18:00,,,,,,,,1,,7.5,0,,dataset2,23.0,2.0,0.0,0.0,0.0
04/01/2018 00:48:00,,,,,,,,1,,8.0,0,,dataset2,29.0,2.0,0.0,0.0,0.0
04/01/2018 01:18:00,,,,,,,,1,,8.5,0,,dataset2,14.0,2.0,0.0,0.0,0.0
04/01/2018 01:48:00,,,,,,,,1,,9.0,0,,dataset2,20.0,1.929240375,0.0,0.0,0.0
04/01/2018 02:18:00,,,,,,,,1,,9.5,0,,dataset2,17.0,1.5,0.0,0.0,0.0
04/01/2018 02:48:00,,,,,,,,1,,10.0,0,,dataset2,16.0,1.070759625,0.0,0.0,0.0
04/01/2018 03:18:00,,,,,,,,1,,10.5,0,,dataset2,16.0,1.0,0.0,0.0,0.0
04/01/2018 03:48:00,,,,,,,,1,,11.0,0,,dataset2,15.0,1.0,0.0,0.0,0.0
04/01/2018 04:18:00,,,,,,,,1,,11.5,0,,dataset2,16.0,0.0,0.0,0.0,0.0
04/01/2018 04:48:00,,,,,,,,1,,12.0,0,,dataset2,16.0,0.0,0.0,0.0,0.0
04/01/2018 05:18:00,,,,,,,,1,,12.5,0,,dataset2,5.0,0.0,2.383333333,1.0,1.0
04/01/2018 05:48:00,,,,,,,,1,,13.0,0,,dataset2,2.0,0.0,0.0,0.0,0.0
04/01/2018 06:18:00,,,,,,,,1,,13.5,0,,dataset2,6.0,0.0,0.0,0.0,0.0
04/01/2018 16:49:00,,,,,,,,1,,0.0,0,,dataset2,23.0,4.0,0.0,0.0,0.0
04/01/2018 17:19:00,,,,,,,,1,,0.5,0,,dataset2,33.0,4.0,0.0,0.0,0.0
04/01/2018 17:49:00,,,,,,,,1,,1.0,0,,dataset2,26.0,3.914905451,0.0,0.0,0.0
04/01/2018 18:19:00,,,,,,,,1,,1.5,0,,dataset2,56.0,3.448275862,0.0,0.0,0.0
04/01/2018 18:49:00,,,,,,,,1,,2.0,0,,dataset2,32.0,3.036707453,0.0,0.0,0.0
04/01/2018 19:19:00,,,,,,,,1,,2.5,0,,dataset2,40.0,3.0,0.0,0.0,0.0
04/01/2018 19:49:00,,,,,,,,1,,3.0,0,,dataset2,41.0,3.0,0.0,0.0,0.0
04/01/2018 20:19:00,,,,,,,,1,,3.5,0,,dataset2,30.0,3.0,0.0,0.0,0.0
04/01/2018 20:49:00,,,,,,,,1,,4.0,0,,dataset2,21.0,2.897849462,0.0,0.0,0.0
04/01/2018 21:19:00,,,,,,,,1,,4.5,0,,dataset2,60.0,2.433333333,0.0,0.0,0.0
04/01/2018 21:49:00,,,,,,,,1,,5.0,0,,dataset2,62.0,2.035483871,0.0,0.0,0.0
04/01/2018 22:19:00,,,,,,,,1,,5.5,0,,dataset2,53.0,2.0,0.0,0.0,0.0
04/01/2018 22:49:00,,,,,,,,1,,6.0,0,,dataset2,49.0,2.0,0.0,0.0,0.0
04/01/2018 23:19:00,,,,,,,,1,,6.5,0,,dataset2,45.0,2.0,0.0,0.0,0.0
04/01/2018 23:49:00,,,,,,,,1,,7.0,0,,dataset2,47.0,2.0,0.0,0.0,0.0
05/01/2018 00:06:00,19.0,bat,5/1/18 00:06,5/1/18 00:09,41.0,1.0,0.0,1,30/4/18 19:20,4.780833333,0,1.0,dataset1,,,,,
05/01/2018 00:06:00,4.0,fast,5/1/18 00:06,5/1/18 00:09,16.0,0.0,1.0,1,30/4/18 19:20,4.773888889,0,0.0,dataset1,,,,,
05/01/2018 00:06:00,36.0,rat,5/1/18 00:06,5/1/18 00:09,0.0,1.0,0.0,1,30/4/18 19:20,4.769444444,0,0.0,dataset1,,,,,
05/01/2018 00:07:00,1.0,rat,5/1/18 00:06,5/1/18 00:09,62.0,1.0,0.0,1,30/4/18 19:20,4.786666667,0,0.0,dataset1,,,,,
05/01/2018 00:07:00,4.0,bat,5/1/18 00:06,5/1/18 00:09,50.0,1.0,0.0,1,30/4/18 19:20,4.783333333,0,1.0,dataset1,,,,,
05/01/2018 00:08:00,14.0,rat,5/1/18 00:06,5/1/18 00:09,134.0,1.0,0.0,1,30/4/18 19:20,4.806666667,0,0.0,dataset1,,,,,
05/01/2018 00:09:00,5.0,pick,5/1/18 00:06,5/1/18 00:09,210.0,0.0,1.0,1,30/4/18 19:20,4.827777778,0,0.0,dataset1,,,,,
05/01/2018 00:09:00,29.0,bat,5/1/18 00:06,5/1/18 00:09,195.0,1.0,0.0,1,30/4/18 19:20,4.823611111,0,1.0,dataset1,,,,,
05/01/2018 00:19:00,,,,,,,,1,,7.5,0,,dataset2,36.0,2.0,0.0,0.0,0.0
05/01/2018 00:29:00,0.095162728,fast,5/1/18 00:28,5/1/18 00:44,11.0,0.0,1.0,1,30/4/18 19:20,5.150555556,0,0.0,dataset1,,,,,
05/01/2018 00:31:00,2.0,fast,5/1/18 00:28,5/1/18 00:44,177.0,0.0,1.0,1,30/4/18 19:20,5.196666667,0,0.0,dataset1,,,,,
05/01/2018 00:32:00,3.0,fast,5/1/18 00:28,5/1/18 00:44,241.0,0.0,1.0,1,30/4/18 19:20,5.214444444,0,0.0,dataset1,,,,,
05/01/2018 00:32:00,82.0,bat,5/1/18 00:28,5/1/18 00:44,199.0,1.0,1.0,1,30/4/18 19:20,5.202777778,0,0.0,dataset1,,,,,
05/01/2018 00:33:00,2.0,fast,5/1/18 00:28,5/1/18 00:44,304.0,0.0,1.0,1,30/4/18 19:20,5.231944444,0,0.0,dataset1,,,,,
05/01/2018 00:33:00,3.0,bat,5/1/18 00:28,5/1/18 00:44,276.0,1.0,0.0,1,30/4/18 19:20,5.224166667,0,0.0,dataset1,,,,,
05/01/2018 00:33:00,2.0,fast,5/1/18 00:28,5/1/18 00:44,271.0,0.0,1.0,1,30/4/18 19:20,5.222777778,0,0.0,dataset1,,,,,
05/01/2018 00:33:00,0.042360901,fast,5/1/18 00:28,5/1/18 00:44,250.0,0.0,1.0,1,30/4/18 19:20,5.216944444,0,0.0,dataset1,,,,,
05/01/2018 00:34:00,8.0,rat,5/1/18 00:28,5/1/18 00:44,352.0,1.0,0.0,1,30/4/18 19:20,5.245277778,0,0.0,dataset1,,,,,
05/01/2018 00:35:00,13.0,fast,5/1/18 00:28,5/1/18 00:44,377.0,0.0,1.0,1,30/4/18 19:20,5.252222222,0,0.0,dataset1,,,,,
05/01/2018 00:36:00,61.0,rat,5/1/18 00:28,5/1/18 00:44,458.0,1.0,0.0,1,30/4/18 19:20,5.274722222,0,0.0,dataset1,,,,,
05/01/2018 00:37:00,104.0,rat,5/1/18 00:28,5/1/18 00:44,515.0,1.0,0.0,1,30/4/18 19:20,5.290555556,0,0.0,dataset1,,,,,
05/01/2018 00:39:00,4.0,bat,5/1/18 00:28,5/1/18 00:44,649.0,1.0,0.0,1,30/4/18 19:20,5.327777778,0,0.0,dataset1,,,,,
05/01/2018 00:41:00,30.0,rat,5/1/18 00:28,5/1/18 00:44,733.0,1.0,0.0,1,30/4/18 19:20,5.351111111,0,0.0,dataset1,,,,,
05/01/2018 00:42:00,18.0,rat,5/1/18 00:28,5/1/18 00:44,819.0,1.0,0.0,1,30/4/18 19:20,5.375,0,0.0,dataset1,,,,,
05/01/2018 00:43:00,2.0,fast,5/1/18 00:28,5/1/18 00:44,889.0,0.0,1.0,1,30/4/18 19:20,5.394444444,0,0.0,dataset1,,,,,
05/01/2018 00:44:00,52.0,bat,5/1/18 00:28,5/1/18 00:44,938.0,1.0,0.0,1,30/4/18 19:20,5.408055556,0,1.0,dataset1,,,,,
05/01/2018 00:44:00,8.0,bat,5/1/18 00:28,5/1/18 00:44,932.0,1.0,0.0,1,30/4/18 19:20,5.406388889,0,1.0,dataset1,,,,,
05/01/2018 00:44:00,40.0,bat,5/1/18 00:28,5/1/18 00:44,918.0,1.0,0.0,1,30/4/18 19:20,5.4025,0,1.0,dataset1,,,,,
05/01/2018 00:44:00,1.0,fast,5/1/18 00:28,5/1/18 00:44,915.0,0.0,1.0,1,30/4/18 19:20,5.401666667,0,0.0,dataset1,,,,,
05/01/2018 00:49:00,,,,,,,,1,,8.0,0,,dataset2,31.0,1.906506288,0.0,0.0,0.0
05/01/2018 01:19:00,,,,,,,,1,,8.5,0,,dataset2,17.0,1.440677966,3.266666667,1.0,1.0
05/01/2018 01:49:00,,,,,,,,1,,9.0,0,,dataset2,25.0,1.036085293,0.0,0.0,0.0
05/01/2018 02:19:00,,,,,,,,1,,9.5,0,,dataset2,13.0,1.0,0.0,0.0,0.0
05/01/2018 02:33:00,2.0,fast,5/1/18 02:33,5/1/18 02:37,1.0,0.0,1.0,1,30/4/18 19:20,7.231111111,0,0.0,dataset1,,,,,
05/01/2018 02:49:00,,,,,,,,1,,10.0,0,,dataset2,26.0,1.0,0.316666667,1.0,1.0
05/01/2018 03:19:00,,,,,,,,1,,10.5,0,,dataset2,21.0,1.0,1.45,1.0,1.0
05/01/2018 03:31:00,4.0,pick,5/1/18 03:24,5/1/18 03:33,386.0,0.0,1.0,1,30/4/18 19:20,8.188055556,0,0.0,dataset1,,,,,
05/01/2018 03:49:00,,,,,,,,1,,11.0,0,,dataset2,18.0,1.0,4.616666667,1.0,1.0
05/01/2018 03:56:00,7.0,rat,5/1/18 03:52,5/1/18 03:59,257.0,1.0,0.0,1,30/4/18 19:20,8.608611111,0,0.0,dataset1,,,,,
05/01/2018 03:57:00,4.0,fast,5/1/18 03:52,5/1/18 03:59,295.0,0.0,1.0,1,30/4/18 19:20,8.619166667,0,0.0,dataset1,,,,,
05/01/2018 04:19:00,,,,,,,,1,,11.5,0,,dataset2,14.0,1.0,0.0,0.0,0.0
05/01/2018 04:49:00,,,,,,,,1,,12.0,0,,dataset2,10.0,1.0,0.216666667,1.0,1.0
05/01/2018 05:19:00,,,,,,,,1,,12.5,0,,dataset2,14.0,1.0,0.0,0.0,0.0
05/01/2018 05:42:00,19.0,rat,5/1/18 05:40,5/1/18 05:43,125.0,1.0,1.0,1,30/4/18 19:20,10.37722222,0,0.0,dataset1,,,,,
05/01/2018 05:49:00,,,,,,,,1,,13.0,0,,dataset2,10.0,1.0,0.0,0.0,0.0
05/01/2018 06:19:00,,,,,,,,1,,13.5,0,,dataset2,4.0,0.0,0.0,0.0,0.0
05/01/2018 21:28:00,1.0,fast,5/1/18 21:27,5/1/18 21:38,62.0,0.0,1.0,1,5/1/18 19:21,2.120277778,0,0.0,dataset1,,,,,
05/01/2018 21:34:00,1.0,fast,5/1/18 21:27,5/1/18 21:38,443.0,0.0,1.0,1,5/1/18 19:21,2.226111111,0,0.0,dataset1,,,,,
05/01/2018 21:50:00,,,,,,,,1,,5.0,0,,dataset2,3.0,3.998511166,0.0,0.0,0.0
05/01/2018 22:11:00,4.0,other,5/1/18 22:06,5/1/18 22:11,275.0,0.0,0.0,1,5/1/18 19:21,2.833888889,0,0.0,dataset1,,,,,
05/01/2018 22:20:00,,,,,,,,1,,5.5,0,,dataset2,49.0,3.738461538,0.0,0.0,0.0
05/01/2018 22:50:00,,,,,,,,1,,6.0,0,,dataset2,57.0,3.276923077,0.0,0.0,0.0
05/01/2018 23:12:00,23.0,pick,5/1/18 23:08,5/1/18 23:12,261.0,0.0,1.0,1,5/1/18 19:21,3.858611111,0,0.0,dataset1,,,,,
05/01/2018 23:20:00,,,,,,,,1,,6.5,0,,dataset2,54.0,3.002977667,0.0,0.0,0.0
05/01/2018 23:50:00,,,,,,,,1,,7.0,0,,dataset2,47.0,2.909571655,0.0,0.0,0.0
05/01/2018 23:56:00,10.0,pick,5/1/18 23:54,5/2/18 00:00,130.0,0.0,1.0,1,5/1/18 19:21,4.592777778,0,0.0,dataset1,,,,,
06/01/2018 00:20:00,,,,,,,,1,,7.5,0,,dataset2,43.0,2.459016393,0.0,0.0,0.0
06/01/2018 00:50:00,,,,,,,,1,,8.0,0,,dataset2,40.0,2.048122686,0.0,0.0,0.0
06/01/2018 01:20:00,,,,,,,,1,,8.5,0,,dataset2,40.0,2.0,0.0,0.0,0.0
06/01/2018 01:50:00,,,,,,,,1,,9.0,0,,dataset2,37.0,2.0,0.0,0.0,0.0
06/01/2018 02:20:00,,,,,,,,1,,9.5,0,,dataset2,31.0,2.0,0.0,0.0,0.0
06/01/2018 02:50:00,,,,,,,,1,,10.0,0,,dataset2,20.0,1.913412564,0.0,0.0,0.0
06/01/2018 03:20:00,,,,,,,,1,,10.5,0,,dataset2,9.0,1.438596491,0.0,0.0,0.0
06/01/2018 03:50:00,,,,,,,,1,,11.0,0,,dataset2,8.0,1.031126203,0.0,0.0,0.0
06/01/2018 04:20:00,,,,,,,,1,,11.5,0,,dataset2,12.0,1.0,0.0,0.0,0.0
06/01/2018 04:50:00,,,,,,,,1,,12.0,0,,dataset2,7.0,1.0,5.616666667,1.0,1.0
06/01/2018 05:20:00,,,,,,,,1,,12.5,0,,dataset2,5.0,1.0,0.0,0.0,0.0
06/01/2018 06:20:00,,,,,,,,1,,13.5,0,,dataset2,1.0,1.0,0.0,0.0,0.0
08/01/2018 16:52:00,,,,,,,,1,,0.0,0,,dataset2,12.0,4.0,0.0,0.0,0.0
08/01/2018 17:22:00,,,,,,,,1,,0.5,0,,dataset2,9.0,4.0,0.0,0.0,0.0
08/01/2018 17:52:00,,,,,,,,1,,1.0,0,,dataset2,8.0,4.0,0.0,0.0,0.0
08/01/2018 18:22:00,,,,,,,,1,,1.5,0,,dataset2,12.0,4.0,0.0,0.0,0.0
08/01/2018 18:52:00,,,,,,,,1,,2.0,0,,dataset2,24.0,4.0,0.0,0.0,0.0
08/01/2018 19:22:00,,,,,,,,1,,2.5,0,,dataset2,34.0,4.0,0.0,0.0,0.0
08/01/2018 19:52:00,,,,,,,,1,,3.0,0,,dataset2,29.0,3.866208355,0.0,0.0,0.0
08/01/2018 20:22:00,,,,,,,,1,,3.5,0,,dataset2,30.0,3.393442623,0.0,0.0,0.0
08/01/2018 20:52:00,,,,,,,,1,,4.0,0,,dataset2,21.0,3.023796933,0.0,0.0,0.0
08/01/2018 21:22:00,,,,,,,,1,,4.5,0,,dataset2,23.0,3.0,0.0,0.0,0.0
08/01/2018 21:52:00,,,,,,,,1,,5.0,0,,dataset2,35.0,3.0,0.0,0.0,0.0
08/01/2018 22:22:00,,,,,,,,1,,5.5,0,,dataset2,14.0,3.0,0.0,0.0,0.0
08/01/2018 22:52:00,,,,,,,,1,,6.0,0,,dataset2,35.0,2.890738814,0.0,0.0,0.0
08/01/2018 23:22:00,,,,,,,,1,,6.5,0,,dataset2,54.0,2.435483871,0.0,0.0,0.0
08/01/2018 23:52:00,,,,,,,,1,,7.0,0,,dataset2,51.0,2.040582726,0.0,0.0,0.0
09/01/2018 00:22:00,,,,,,,,1,,7.5,0,,dataset2,26.0,2.0,1.216666667,1.0,1.0
09/01/2018 00:52:00,,,,,,,,1,,8.0,0,,dataset2,26.0,2.0,7.95,1.0,1.0
09/01/2018 01:22:00,,,,,,,,1,,8.5,0,,dataset2,58.0,2.0,0.0,0.0,0.0
09/01/2018 01:52:00,,,,,,,,1,,9.0,0,,dataset2,30.0,1.863978495,0.0,0.0,0.0
09/01/2018 02:22:00,,,,,,,,1,,9.5,0,,dataset2,27.0,1.383333333,0.0,0.0,0.0
09/01/2018 02:52:00,,,,,,,,1,,10.0,0,,dataset2,44.0,1.019354839,0.0,0.0,0.0
09/01/2018 03:22:00,,,,,,,,1,,10.5,0,,dataset2,25.0,1.0,0.0,0.0,0.0
09/01/2018 03:52:00,,,,,,,,1,,11.0,0,,dataset2,16.0,1.0,0.0,0.0,0.0
09/01/2018 04:22:00,,,,,,,,1,,11.5,0,,dataset2,14.0,1.0,0.0,0.0,0.0
09/01/2018 04:52:00,,,,,,,,1,,12.0,0,,dataset2,5.0,1.0,0.0,0.0,0.0
09/01/2018 05:22:00,,,,,,,,1,,12.5,0,,dataset2,4.0,1.0,0.0,0.0,0.0
09/01/2018 05:52:00,,,,,,,,1,,13.0,0,,dataset2,2.0,1.0,0.0,0.0,0.0
09/01/2018 18:23:00,,,,,,,,1,,1.5,0,,dataset2,17.0,4.0,0.0,0.0,0.0
09/01/2018 18:53:00,,,,,,,,1,,2.0,0,,dataset2,26.0,4.0,0.0,0.0,0.0
09/01/2018 19:23:00,,,,,,,,1,,2.5,0,,dataset2,12.0,4.0,0.0,0.0,0.0
09/01/2018 19:53:00,,,,,,,,1,,3.0,0,,dataset2,42.0,4.0,0.0,0.0,0.0
09/01/2018 20:23:00,,,,,,,,1,,3.5,0,,dataset2,14.0,4.0,0.0,0.0,0.0
09/01/2018 20:53:00,,,,,,,,1,,4.0,0,,dataset2,16.0,4.0,0.0,0.0,0.0
09/01/2018 21:23:00,,,,,,,,1,,4.5,0,,dataset2,36.0,4.0,0.0,0.0,0.0
09/01/2018 21:53:00,,,,,,,,1,,5.0,0,,dataset2,34.0,4.0,0.0,0.0,0.0
09/01/2018 22:23:00,,,,,,,,1,,5.5,0,,dataset2,30.0,4.0,0.0,0.0,0.0
09/01/2018 22:53:00,,,,,,,,1,,6.0,0,,dataset2,16.0,4.0,0.0,0.0,0.0
09/01/2018 23:23:00,,,,,,,,1,,6.5,0,,dataset2,50.0,4.0,0.0,0.0,0.0
09/01/2018 23:53:00,,,,,,,,1,,7.0,0,,dataset2,35.0,4.0,0.0,0.0,0.0
10/01/2018 00:23:00,,,,,,,,1,,7.5,0,,dataset2,29.0,4.0,0.0,0.0,0.0
10/01/2018 00:53:00,,,,,,,,1,,8.0,0,,dataset2,40.0,3.877842411,0.0,0.0,0.0
10/01/2018 01:23:00,,,,,,,,1,,8.5,0,,dataset2,48.0,3.409836066,0.0,0.0,0.0
10/01/2018 01:53:00,,,,,,,,1,,9.0,0,,dataset2,67.0,3.02908514,1.783333333,1.0,1.0
10/01/2018 02:23:00,,,,,,,,1,,9.5,0,,dataset2,39.0,3.0,0.0,0.0,0.0
10/01/2018 02:53:00,,,,,,,,1,,10.0,0,,dataset2,38.0,3.0,0.0,0.0,0.0
10/01/2018 03:23:00,,,,,,,,1,,10.5,0,,dataset2,38.0,3.0,0.0,0.0,0.0
10/01/2018 03:53:00,,,,,,,,1,,11.0,0,,dataset2,18.0,2.851612903,8.566666667,1.0,1.0
10/01/2018 04:12:00,1.0,rat,1/10/18 04:07,1/10/18 04:15,306.0,1.0,0.0,1,1/9/18 16:53,11.32222222,0,0.0,dataset1,,,,,
10/01/2018 04:23:00,,,,,,,,1,,11.5,0,,dataset2,23.0,2.366666667,0.0,0.0,0.0
10/01/2018 04:53:00,,,,,,,,1,,12.0,0,,dataset2,11.0,2.015053763,0.0,0.0,0.0
10/01/2018 05:23:00,,,,,,,,1,,12.5,0,,dataset2,8.0,2.0,0.0,0.0,0.0
10/01/2018 05:53:00,,,,,,,,1,,13.0,0,,dataset2,4.0,1.851612903,0.0,0.0,0.0
10/01/2018 06:23:00,,,,,,,,1,,13.5,0,,dataset2,2.0,1.366666667,0.0,0.0,0.0
10/01/2018 16:54:00,,,,,,,,1,,0.0,0,,dataset2,4.0,4.0,0.0,0.0,0.0
10/01/2018 17:24:00,,,,,,,,1,,0.5,0,,dataset2,7.0,4.0,0.0,0.0,0.0
10/01/2018 17:54:00,,,,,,,,1,,1.0,0,,dataset2,8.0,4.0,0.0,0.0,0.0
10/01/2018 18:24:00,,,,,,,,1,,1.5,0,,dataset2,27.0,4.0,0.0,0.0,0.0
10/01/2018 18:54:00,,,,,,,,1,,2.0,0,,dataset2,32.0,3.846390169,0.0,0.0,0.0
10/01/2018 19:24:00,,,,,,,,1,,2.5,0,,dataset2,50.0,3.380952381,0.0,0.0,0.0
10/01/2018 19:54:00,,,,,,,,1,,3.0,0,,dataset2,37.0,3.023041475,0.0,0.0,0.0
10/01/2018 20:24:00,,,,,,,,1,,3.5,0,,dataset2,35.0,3.0,0.0,0.0,0.0
10/01/2018 20:54:00,,,,,,,,1,,4.0,0,,dataset2,40.0,2.841353781,0.0,0.0,0.0
10/01/2018 21:24:00,,,,,,,,1,,4.5,0,,dataset2,23.0,2.360655738,0.0,0.0,0.0
10/01/2018 21:54:00,,,,,,,,1,,5.0,0,,dataset2,12.0,2.01480698,0.0,0.0,0.0
10/01/2018 22:24:00,,,,,,,,1,,5.5,0,,dataset2,40.0,2.0,0.0,0.0,0.0
10/01/2018 22:54:00,,,,,,,,1,,6.0,0,,dataset2,47.0,2.0,0.0,0.0,0.0
10/01/2018 23:24:00,,,,,,,,1,,6.5,0,,dataset2,38.0,2.0,2.05,2.0,1.0
10/01/2018 23:34:00,4.0,other,1/10/18 23:32,1/10/18 23:34,113.0,0.0,0.0,1,1/10/18 16:54,6.673888889,0,0.0,dataset1,,,,,
10/01/2018 23:54:00,,,,,,,,1,,7.0,0,,dataset2,66.0,1.863978495,1.083333333,1.0,1.0
11/01/2018 00:24:00,,,,,,,,1,,7.5,0,,dataset2,24.0,1.383333333,0.0,0.0,0.0
11/01/2018 00:54:00,,,,,,,,1,,8.0,0,,dataset2,26.0,1.019354839,0.0,0.0,0.0
11/01/2018 01:24:00,,,,,,,,1,,8.5,0,,dataset2,34.0,1.0,0.0,0.0,0.0
11/01/2018 01:54:00,,,,,,,,1,,9.0,0,,dataset2,34.0,1.0,1.15,1.0,1.0
11/01/2018 02:24:00,,,,,,,,1,,9.5,0,,dataset2,54.0,0.0,0.0,0.0,0.0
27/01/2018 19:09:00,,,,,,,,1,,2.0,0,,dataset2,18.0,0.0,0.0,0.0,0.0
27/01/2018 19:39:00,,,,,,,,1,,2.5,0,,dataset2,68.0,4.0,0.0,0.0,0.0
27/01/2018 20:09:00,,,,,,,,1,,3.0,0,,dataset2,61.0,4.0,0.0,0.0,0.0
27/01/2018 20:39:00,,,,,,,,1,,3.5,0,,dataset2,62.0,4.0,0.166666667,1.0,1.0
27/01/2018 21:09:00,,,,,,,,1,,4.0,0,,dataset2,72.0,4.0,0.0,0.0,0.0
27/01/2018 21:39:00,,,,,,,,1,,4.5,0,,dataset2,75.0,3.991359447,0.0,0.0,0.0
27/01/2018 22:09:00,,,,,,,,1,,5.0,0,,dataset2,69.0,3.642857143,0.0,0.0,0.0
27/01/2018 22:39:00,,,,,,,,1,,5.5,0,,dataset2,44.0,3.120967742,0.0,0.0,0.0
27/01/2018 23:09:00,,,,,,,,1,,6.0,0,,dataset2,60.0,2.8,0.0,0.0,0.0
27/01/2018 23:39:00,,,,,,,,1,,6.5,0,,dataset2,64.0,2.55,6.083333333,1.0,1.0
27/01/2018 23:44:00,0.049410419,fast,27/1/18 23:44,27/1/18 23:50,12.0,0.0,1.0,1,27/1/18 17:09,6.591111111,0,0.0,dataset1,,,,,
27/01/2018 23:44:00,1.0,fast,27/1/18 23:44,27/1/18 23:50,14.0,0.0,1.0,1,27/1/18 17:09,6.591666667,0,0.0,dataset1,,,,,
27/01/2018 23:45:00,6.0,rat,27/1/18 23:44,27/1/18 23:50,49.0,1.0,0.0,1,27/1/18 17:09,6.601388889,0,0.0,dataset1,,,,,
27/01/2018 23:45:00,3.0,fast,27/1/18 23:44,27/1/18 23:50,68.0,0.0,1.0,1,27/1/18 17:09,6.606666667,0,0.0,dataset1,,,,,
27/01/2018 23:45:00,8.0,rat,27/1/18 23:44,27/1/18 23:50,84.0,1.0,0.0,1,27/1/18 17:09,6.611111111,0,0.0,dataset1,,,,,
27/01/2018 23:46:00,31.0,rat,27/1/18 23:44,27/1/18 23:50,122.0,1.0,0.0,1,27/1/18 17:09,6.621666667,0,0.0,dataset1,,,,,
27/01/2018 23:47:00,0.010695699,fast,27/1/18 23:44,27/1/18 23:50,186.0,0.0,1.0,1,27/1/18 17:09,6.639444444,0,0.0,dataset1,,,,,
27/01/2018 23:48:00,2.0,fast,27/1/18 23:44,27/1/18 23:50,231.0,0.0,1.0,1,27/1/18 17:09,6.651944444,0,0.0,dataset1,,,,,
27/01/2018 23:48:00,1.0,other,27/1/18 23:44,27/1/18 23:50,246.0,0.0,0.0,1,27/1/18 17:09,6.656111111,0,0.0,dataset1,,,,,
27/01/2018 23:48:00,9.0,pick,27/1/18 23:44,27/1/18 23:50,253.0,0.0,1.0,1,27/1/18 17:09,6.658055556,0,0.0,dataset1,,,,,
27/01/2018 23:50:00,6.0,pick,27/1/18 23:44,27/1/18 23:50,355.0,0.0,1.0,1,27/1/18 17:09,6.686388889,0,0.0,dataset1,,,,,
28/01/2018 00:09:00,,,,,,,,1,,7.0,0,,dataset2,62.0,2.3,0.0,0.0,0.0
28/01/2018 00:39:00,,,,,,,,1,,7.5,0,,dataset2,48.0,2.062096774,0.0,0.0,0.0
28/01/2018 01:09:00,,,,,,,,1,,8.0,0,,dataset2,49.0,2.0,0.0,0.0,0.0
28/01/2018 01:39:00,,,,,,,,1,,8.5,0,,dataset2,44.0,1.991359447,0.0,0.0,0.0
28/01/2018 02:09:00,,,,,,,,1,,9.0,0,,dataset2,49.0,1.642857143,0.0,0.0,0.0
28/01/2018 02:39:00,,,,,,,,1,,9.5,0,,dataset2,33.0,1.133064516,0.0,0.0,0.0
28/01/2018 03:09:00,,,,,,,,1,,10.0,0,,dataset2,35.0,1.0,0.0,0.0,0.0
28/01/2018 03:39:00,,,,,,,,1,,10.5,0,,dataset2,23.0,1.0,0.516666667,1.0,1.0
28/01/2018 04:09:00,,,,,,,,1,,11.0,0,,dataset2,3.0,1.0,11.98333333,1.0,1.0
28/01/2018 04:20:00,11.0,pick,28/1/18 04:08,28/1/18 04:20,742.0,0.0,1.0,1,27/1/18 17:09,11.1975,0,0.0,dataset1,,,,,
28/01/2018 04:39:00,,,,,,,,1,,11.5,0,,dataset2,9.0,1.0,0.0,0.0,0.0
28/01/2018 05:09:00,,,,,,,,1,,12.0,0,,dataset2,8.0,0.0,0.0,0.0,0.0
28/01/2018 05:39:00,,,,,,,,1,,12.5,0,,dataset2,1.0,0.0,9.466666667,1.0,1.0
28/01/2018 17:10:00,,,,,,,,1,,0.0,0,,dataset2,7.0,4.0,0.0,0.0,0.0
28/01/2018 17:40:00,,,,,,,,1,,0.5,0,,dataset2,15.0,4.0,0.0,0.0,0.0
28/01/2018 18:10:00,,,,,,,,1,,1.0,0,,dataset2,18.0,4.0,0.0,0.0,0.0
28/01/2018 18:40:00,,,,,,,,1,,1.5,0,,dataset2,20.0,4.0,0.0,0.0,0.0
28/01/2018 19:10:00,,,,,,,,1,,2.0,0,,dataset2,53.0,4.0,0.0,0.0,0.0
28/01/2018 19:40:00,,,,,,,,1,,2.5,0,,dataset2,40.0,3.970430108,13.9,1.0,1.0
28/01/2018 19:56:00,1.0,fast,28/1/18 19:56,28/1/18 20:10,9.0,0.0,1.0,1,28/1/18 17:10,2.770833333,0,0.0,dataset1,,,,,
28/01/2018 19:58:00,1.0,rat,28/1/18 19:56,28/1/18 20:10,162.0,1.0,0.0,1,28/1/18 17:10,2.813333333,0,0.0,dataset1,,,,,
28/01/2018 20:03:00,1.0,rat,28/1/18 19:56,28/1/18 20:10,456.0,1.0,0.0,1,28/1/18 17:10,2.895,0,0.0,dataset1,,,,,
28/01/2018 20:04:00,0.035319187,rat,28/1/18 19:56,28/1/18 20:10,528.0,1.0,0.0,1,28/1/18 17:10,2.915,0,0.0,dataset1,,,,,
28/01/2018 20:05:00,1.0,fast,28/1/18 19:56,28/1/18 20:10,589.0,0.0,1.0,1,28/1/18 17:10,2.931944444,0,0.0,dataset1,,,,,
28/01/2018 20:05:00,1.0,rat,28/1/18 19:56,28/1/18 20:10,583.0,1.0,0.0,1,28/1/18 17:10,2.930277778,0,0.0,dataset1,,,,,
28/01/2018 20:05:00,1.0,rat,28/1/18 19:56,28/1/18 20:10,534.0,1.0,0.0,1,28/1/18 17:10,2.916666667,0,0.0,dataset1,,,,,
28/01/2018 20:05:00,7.0,rat,28/1/18 19:56,28/1/18 20:10,545.0,1.0,1.0,1,28/1/18 17:10,2.919722222,0,0.0,dataset1,,,,,
28/01/2018 20:05:00,1.0,fast,28/1/18 19:56,28/1/18 20:10,551.0,0.0,1.0,1,28/1/18 17:10,2.921388889,0,0.0,dataset1,,,,,
28/01/2018 20:05:00,0.034803066,fast,28/1/18 19:56,28/1/18 20:10,569.0,0.0,1.0,1,28/1/18 17:10,2.926388889,0,0.0,dataset1,,,,,
28/01/2018 20:06:00,4.0,fast,28/1/18 19:56,28/1/18 20:10,642.0,0.0,1.0,1,28/1/18 17:10,2.946666667,0,0.0,dataset1,,,,,
28/01/2018 20:06:00,1.0,fast,28/1/18 19:56,28/1/18 20:10,631.0,0.0,1.0,1,28/1/18 17:10,2.943611111,0,0.0,dataset1,,,,,
28/01/2018 20:06:00,2.0,fast,28/1/18 19:56,28/1/18 20:10,627.0,0.0,1.0,1,28/1/18 17:10,2.9425,0,0.0,dataset1,,,,,
28/01/2018 20:08:00,4.0,pick,28/1/18 19:56,28/1/18 20:10,720.0,0.0,1.0,1,28/1/18 17:10,2.968333333,0,0.0,dataset1,,,,,
28/01/2018 20:09:00,3.0,rat,28/1/18 19:56,28/1/18 20:10,824.0,1.0,0.0,1,28/1/18 17:10,2.997222222,0,0.0,dataset1,,,,,
28/01/2018 20:10:00,,,,,,,,1,,3.0,0,,dataset2,68.0,3.583333333,0.533333333,1.0,1.0
28/01/2018 20:40:00,,,,,,,,1,,3.5,0,,dataset2,44.0,3.112903226,0.0,0.0,0.0
28/01/2018 21:10:00,,,,,,,,1,,4.0,0,,dataset2,77.0,3.0,0.0,0.0,0.0
28/01/2018 21:40:00,,,,,,,,1,,4.5,0,,dataset2,61.0,3.0,2.566666667,1.0,1.0
28/01/2018 22:10:00,,,,,,,,1,,5.0,0,,dataset2,78.0,3.0,0.483333333,1.0,1.0
28/01/2018 22:40:00,,,,,,,,1,,5.5,0,,dataset2,79.0,2.98811545,0.0,0.0,0.0
28/01/2018 23:10:00,,,,,,,,1,,6.0,0,,dataset2,64.0,2.631578947,0.0,0.0,0.0
28/01/2018 23:40:00,,,,,,,,1,,6.5,0,,dataset2,80.0,2.130730051,0.0,0.0,0.0
29/01/2018 00:10:00,,,,,,,,1,,7.0,0,,dataset2,64.0,2.0,0.0,0.0,0.0
29/01/2018 00:40:00,,,,,,,,1,,7.5,0,,dataset2,66.0,1.972278226,0.0,0.0,0.0
29/01/2018 01:10:00,,,,,,,,1,,8.0,0,,dataset2,51.0,1.609375,4.45,1.0,1.0
29/01/2018 01:32:00,22.0,pick,29/1/18 01:29,29/1/18 01:33,225.0,0.0,1.0,1,28/1/18 17:10,8.381666667,0,0.0,dataset1,,,,,
29/01/2018 01:40:00,,,,,,,,1,,8.5,0,,dataset2,55.0,1.151209677,0.0,0.0,0.0
29/01/2018 02:10:00,,,,,,,,1,,9.0,0,,dataset2,56.0,1.0,0.0,0.0,0.0
29/01/2018 02:40:00,,,,,,,,1,,9.5,0,,dataset2,50.0,0.971383975,0.0,0.0,0.0
29/01/2018 03:10:00,,,,,,,,1,,10.0,0,,dataset2,40.0,0.596774194,0.0,0.0,0.0
29/01/2018 03:40:00,,,,,,,,1,,10.5,0,,dataset2,33.0,0.177419355,0.0,0.0,0.0
30/01/2018 17:12:00,,,,,,,,1,,0.0,0,,dataset2,1.0,4.0,0.0,0.0,0.0
30/01/2018 17:42:00,,,,,,,,1,,0.5,0,,dataset2,12.0,4.0,0.0,0.0,0.0
30/01/2018 18:12:00,,,,,,,,1,,1.0,0,,dataset2,26.0,4.0,0.0,0.0,0.0
30/01/2018 18:42:00,,,,,,,,1,,1.5,0,,dataset2,38.0,3.958751983,0.0,0.0,0.0
30/01/2018 19:12:00,,,,,,,,1,,2.0,0,,dataset2,52.0,3.557377049,0.0,0.0,0.0
30/01/2018 19:42:00,,,,,,,,1,,2.5,0,,dataset2,71.0,3.100475939,0.0,0.0,0.0
30/01/2018 20:12:00,,,,,,,,1,,3.0,0,,dataset2,59.0,3.0,0.0,0.0,0.0
30/01/2018 20:42:00,,,,,,,,1,,3.5,0,,dataset2,66.0,3.0,0.0,0.0,0.0
30/01/2018 21:12:00,,,,,,,,1,,4.0,0,,dataset2,92.0,3.0,0.0,0.0,0.0
30/01/2018 21:42:00,,,,,,,,1,,4.5,0,,dataset2,72.0,2.975396391,0.0,0.0,0.0
30/01/2018 22:12:00,,,,,,,,1,,5.0,0,,dataset2,130.0,2.593220339,0.0,0.0,0.0
30/01/2018 22:42:00,,,,,,,,1,,5.5,0,,dataset2,90.0,2.11481684,0.0,0.0,0.0
30/01/2018 23:12:00,,,,,,,,1,,6.0,0,,dataset2,84.0,2.0,0.0,0.0,0.0
30/01/2018 23:42:00,,,,,,,,1,,6.5,0,,dataset2,77.0,2.0,0.0,0.0,0.0
31/01/2018 00:12:00,,,,,,,,1,,7.0,0,,dataset2,69.0,2.0,0.0,0.0,0.0
31/01/2018 00:42:00,,,,,,,,1,,7.5,0,,dataset2,44.0,1.958064516,0.0,0.0,0.0
31/01/2018 01:12:00,,,,,,,,1,,8.0,0,,dataset2,55.0,1.55,0.0,0.0,0.0
31/01/2018 01:42:00,,,,,,,,1,,8.5,0,,dataset2,46.0,1.05,0.0,0.0,0.0
31/01/2018 02:12:00,,,,,,,,1,,9.0,0,,dataset2,40.0,0.55,0.0,0.0,0.0
31/01/2018 02:42:00,,,,,,,,1,,9.5,0,,dataset2,32.0,0.15,0.0,0.0,0.0
31/01/2018 03:12:00,,,,,,,,1,,10.0,0,,dataset2,18.0,0.0,0.0,0.0,0.0
31/01/2018 03:42:00,,,,,,,,1,,10.5,0,,dataset2,9.0,0.0,0.0,0.0,0.0
31/01/2018 04:12:00,,,,,,,,1,,11.0,0,,dataset2,15.0,0.0,0.0,0.0,0.0
31/01/2018 04:42:00,,,,,,,,1,,11.5,0,,dataset2,6.0,0.0,0.0,0.0,0.0
31/01/2018 05:12:00,,,,,,,,1,,12.0,0,,dataset2,1.0,0.0,0.0,0.0,0.0
31/01/2018 06:12:00,,,,,,,,1,,13.0,0,,dataset2,1.0,0.0,0.0,0.0,0.0
31/01/2018 06:42:00,,,,,,,,1,,13.5,0,,dataset2,3.0,0.0,2.666666667,1.0,1.0
31/01/2018 17:43:00,,,,,,,,1,,0.5,0,,dataset2,2.0,4.0,0.0,0.0,0.0
31/01/2018 18:13:00,,,,,,,,1,,1.0,0,,dataset2,52.0,4.0,0.0,0.0,0.0
31/01/2018 18:43:00,,,,,,,,1,,1.5,0,,dataset2,63.0,3.974654378,0.0,0.0,0.0
31/01/2018 19:13:00,,,,,,,,1,,2.0,0,,dataset2,61.0,3.642857143,1.883333333,1.0,1.0
31/01/2018 19:43:00,,,,,,,,1,,2.5,0,,dataset2,80.0,3.214285714,2.25,1.0,1.0
31/01/2018 19:44:00,3.0,rat,31/1/18 19:41,31/1/18 19:45,195.0,1.0,0.0,1,31/1/18 17:13,2.522777778,0,0.0,dataset1,,,,,
31/01/2018 20:13:00,,,,,,,,1,,3.0,0,,dataset2,84.0,3.0,0.0,0.0,0.0
31/01/2018 20:43:00,,,,,,,,1,,3.5,0,,dataset2,113.0,3.0,0.0,0.0,0.0
31/01/2018 21:13:00,,,,,,,,1,,4.0,0,,dataset2,79.0,2.797653959,0.0,0.0,0.0
31/01/2018 21:43:00,,,,,,,,1,,4.5,0,,dataset2,78.0,2.169354839,0.0,0.0,0.0
31/01/2018 22:13:00,,,,,,,,1,,5.0,0,,dataset2,80.0,2.0,4.466666667,1.0,1.0
31/01/2018 22:23:00,1.0,fast,31/1/18 22:20,31/1/18 22:24,168.0,0.0,1.0,1,31/1/18 17:13,5.168333333,0,0.0,dataset1,,,,,
31/01/2018 22:43:00,,,,,,,,1,,5.5,0,,dataset2,78.0,1.958751983,0.0,0.0,0.0
31/01/2018 23:13:00,,,,,,,,1,,6.0,0,,dataset2,102.0,1.557377049,0.0,0.0,0.0
31/01/2018 23:43:00,,,,,,,,1,,6.5,0,,dataset2,100.0,1.06557377,0.0,0.0,0.0
01/02/2018 00:13:00,,,,,,,,2,,7.0,0,,dataset2,88.0,0.573770492,0.0,0.0,0.0
01/02/2018 00:43:00,,,,,,,,2,,7.5,0,,dataset2,70.0,0.163934426,0.0,0.0,0.0
01/02/2018 17:14:00,,,,,,,,2,,0.0,0,,dataset2,29.0,4.0,0.0,0.0,0.0
01/02/2018 17:44:00,,,,,,,,2,,0.5,0,,dataset2,25.0,4.0,0.0,0.0,0.0
01/02/2018 18:14:00,,,,,,,,2,,1.0,0,,dataset2,41.0,4.0,0.0,0.0,0.0
01/02/2018 18:44:00,,,,,,,,2,,1.5,0,,dataset2,48.0,3.951877314,0.0,0.0,0.0
01/02/2018 19:14:00,,,,,,,,2,,2.0,0,,dataset2,46.0,3.540983607,0.0,0.0,0.0
01/02/2018 19:44:00,,,,,,,,2,,2.5,0,,dataset2,43.0,3.090428345,0.0,0.0,0.0
01/02/2018 20:14:00,,,,,,,,2,,3.0,0,,dataset2,56.0,3.0,0.0,0.0,0.0
01/02/2018 20:44:00,,,,,,,,2,,3.5,0,,dataset2,54.0,3.0,0.0,0.0,0.0
01/02/2018 21:14:00,,,,,,,,2,,4.0,0,,dataset2,65.0,3.0,0.0,0.0,0.0
01/02/2018 21:44:00,,,,,,,,2,,4.5,0,,dataset2,57.0,2.944473823,0.0,0.0,0.0
01/02/2018 22:14:00,,,,,,,,2,,5.0,0,,dataset2,81.0,2.524590164,0.0,0.0,0.0
01/02/2018 22:44:00,,,,,,,,2,,5.5,0,,dataset2,72.0,2.080909572,0.0,0.0,0.0
01/02/2018 23:14:00,,,,,,,,2,,6.0,0,,dataset2,74.0,2.0,0.0,0.0,0.0
01/02/2018 23:44:00,,,,,,,,2,,6.5,0,,dataset2,68.0,1.944473823,0.0,0.0,0.0
02/02/2018 00:14:00,,,,,,,,2,,7.0,0,,dataset2,57.0,1.524590164,3.683333333,1.0,1.0
02/02/2018 00:43:00,2.0,fast,2/2/18 00:40,2/2/18 00:44,184.0,0.0,1.0,2,2/1/18 17:14,7.489722222,0,0.0,dataset1,,,,,
02/02/2018 00:44:00,,,,,,,,2,,7.5,0,,dataset2,60.0,1.03198484,0.466666667,1.0,1.0
02/02/2018 00:44:00,1.0,rat,2/2/18 00:40,2/2/18 00:44,239.0,1.0,0.0,2,2/1/18 17:14,7.505,0,0.0,dataset1,,,,,
02/02/2018 01:14:00,,,,,,,,2,,8.0,0,,dataset2,51.0,0.533333333,0.0,0.0,0.0
02/02/2018 01:44:00,,,,,,,,2,,8.5,0,,dataset2,33.0,0.141666667,0.0,0.0,0.0
02/02/2018 02:14:00,,,,,,,,2,,9.0,0,,dataset2,29.0,0.0,0.0,0.0,0.0
02/02/2018 02:44:00,,,,,,,,2,,9.5,0,,dataset2,5.0,0.0,0.0,0.0,0.0
02/02/2018 17:15:00,,,,,,,,2,,0.0,0,,dataset2,12.0,4.0,0.0,0.0,0.0
02/02/2018 17:45:00,,,,,,,,2,,0.5,0,,dataset2,39.0,4.0,0.45,2.0,1.0
02/02/2018 18:15:00,,,,,,,,2,,1.0,0,,dataset2,46.0,4.0,0.133333333,1.0,1.0
02/02/2018 18:30:00,4.0,rat,2/2/18 18:30,2/2/18 18:30,3.0,1.0,0.0,2,2/2/18 17:15,1.260555556,0,0.0,dataset1,,,,,
02/02/2018 18:45:00,,,,,,,,2,,1.5,0,,dataset2,45.0,4.0,0.0,0.0,0.0
02/02/2018 19:15:00,,,,,,,,2,,2.0,0,,dataset2,66.0,3.810569664,0.0,0.0,0.0
02/02/2018 19:45:00,,,,,,,,2,,2.5,0,,dataset2,56.0,3.193805765,0.0,0.0,0.0
02/02/2018 20:15:00,,,,,,,,2,,3.0,0,,dataset2,95.0,2.625,0.6,1.0,1.0
02/02/2018 20:45:00,,,,,,,,2,,3.5,0,,dataset2,74.0,2.089285714,0.0,0.0,0.0
02/02/2018 21:15:00,,,,,,,,2,,4.0,0,,dataset2,76.0,1.553571429,0.0,0.0,0.0
02/02/2018 21:45:00,,,,,,,,2,,4.5,0,,dataset2,76.0,1.031942428,0.0,0.0,0.0
02/02/2018 22:15:00,,,,,,,,2,,5.0,0,,dataset2,60.0,0.602739726,0.133333333,1.0,1.0
02/02/2018 22:45:00,,,,,,,,2,,5.5,0,,dataset2,23.0,0.198630137,5.816666667,1.0,1.0
02/02/2018 23:15:00,,,,,,,,2,,6.0,0,,dataset2,9.0,0.0,0.0,0.0,0.0
02/02/2018 23:45:00,,,,,,,,2,,6.5,0,,dataset2,8.0,0.0,0.0,0.0,0.0
03/02/2018 17:16:00,,,,,,,,2,,0.0,0,,dataset2,29.0,4.0,0.0,0.0,0.0
03/02/2018 17:46:00,,,,,,,,2,,0.5,0,,dataset2,34.0,3.949388209,0.666666667,1.0,1.0
03/02/2018 18:16:00,,,,,,,,2,,1.0,0,,dataset2,53.0,3.517241379,0.0,0.0,0.0
03/02/2018 18:46:00,,,,,,,,2,,1.5,0,,dataset2,67.0,3.066740823,0.0,0.0,0.0
03/02/2018 19:16:00,,,,,,,,2,,2.0,0,,dataset2,65.0,3.0,0.0,0.0,0.0
03/02/2018 19:46:00,,,,,,,,2,,2.5,0,,dataset2,87.0,2.94259158,0.0,0.0,0.0
03/02/2018 20:16:00,,,,,,,,2,,3.0,0,,dataset2,64.0,2.508474576,0.0,0.0,0.0
03/02/2018 20:46:00,,,,,,,,2,,3.5,0,,dataset2,83.0,2.001093494,0.0,0.0,0.0
03/02/2018 21:16:00,,,,,,,,2,,4.0,0,,dataset2,75.0,1.5,0.0,0.0,0.0
03/02/2018 21:46:00,,,,,,,,2,,4.5,0,,dataset2,92.0,1.064516129,0.0,0.0,0.0
03/02/2018 22:16:00,,,,,,,,2,,5.0,0,,dataset2,64.0,1.0,0.0,0.0,0.0
03/02/2018 22:46:00,,,,,,,,2,,5.5,0,,dataset2,43.0,1.0,0.0,0.0,0.0
03/02/2018 23:16:00,,,,,,,,2,,6.0,0,,dataset2,45.0,0.0,0.0,0.0,0.0
03/02/2018 23:46:00,,,,,,,,2,,6.5,0,,dataset2,19.0,0.0,0.0,0.0,0.0
04/02/2018 17:17:00,,,,,,,,2,,0.0,0,,dataset2,33.0,4.0,0.0,0.0,0.0
04/02/2018 17:47:00,,,,,,,,2,,0.5,0,,dataset2,54.0,4.0,0.0,0.0,0.0
04/02/2018 18:17:00,,,,,,,,2,,1.0,0,,dataset2,39.0,4.0,2.3,17.0,1.0
04/02/2018 18:47:00,,,,,,,,2,,1.5,0,,dataset2,83.0,3.933259177,0.733333333,3.0,1.0
04/02/2018 19:17:00,,,,,,,,2,,2.0,0,,dataset2,67.0,3.482758621,0.0,0.0,0.0
04/02/2018 19:47:00,,,,,,,,2,,2.5,0,,dataset2,59.0,3.050611791,0.0,0.0,0.0
04/02/2018 20:17:00,,,,,,,,2,,3.0,0,,dataset2,73.0,3.0,0.0,0.0,0.0
04/02/2018 20:47:00,,,,,,,,2,,3.5,0,,dataset2,62.0,3.0,0.0,0.0,0.0
04/02/2018 21:17:00,,,,,,,,2,,4.0,0,,dataset2,65.0,3.0,0.0,0.0,0.0
04/02/2018 21:47:00,,,,,,,,2,,4.5,0,,dataset2,87.0,2.948500283,0.0,0.0,0.0
04/02/2018 22:04:00,10.0,rat,4/2/18 21:58,4/2/18 22:09,381.0,1.0,0.0,2,4/2/18 19:01,3.06,0,0.0,dataset1,,,,,
04/02/2018 22:05:00,8.0,rat,4/2/18 21:58,4/2/18 22:09,436.0,1.0,0.0,2,4/2/18 19:01,3.075277778,0,0.0,dataset1,,,,,
04/02/2018 22:05:00,6.0,rat,4/2/18 21:58,4/2/18 22:09,455.0,1.0,0.0,2,4/2/18 19:01,3.080555556,0,0.0,dataset1,,,,,
04/02/2018 22:05:00,2.0,fast,4/2/18 21:58,4/2/18 22:09,450.0,0.0,1.0,2,4/2/18 19:01,3.079166667,0,0.0,dataset1,,,,,
04/02/2018 22:06:00,2.0,other,4/2/18 21:58,4/2/18 22:09,477.0,0.0,0.0,2,4/2/18 19:01,3.086666667,0,0.0,dataset1,,,,,
04/02/2018 22:07:00,0.030293066,fast,4/2/18 21:58,4/2/18 22:09,558.0,0.0,1.0,2,4/2/18 19:01,3.109166667,0,0.0,dataset1,,,,,
04/02/2018 22:09:00,17.0,rat,4/2/18 21:58,4/2/18 22:09,695.0,1.0,0.0,2,4/2/18 19:01,3.147222222,0,0.0,dataset1,,,,,
04/02/2018 22:09:00,18.0,pick,4/2/18 21:58,4/2/18 22:09,668.0,0.0,1.0,2,4/2/18 19:01,3.139722222,0,0.0,dataset1,,,,,
04/02/2018 22:09:00,6.0,rat,4/2/18 21:58,4/2/18 22:09,673.0,1.0,0.0,2,4/2/18 19:01,3.141111111,0,0.0,dataset1,,,,,
04/02/2018 22:09:00,7.0,rat,4/2/18 21:58,4/2/18 22:09,662.0,1.0,0.0,2,4/2/18 19:01,3.138055556,0,0.0,dataset1,,,,,
04/02/2018 22:17:00,,,,,,,,2,,5.0,0,,dataset2,105.0,2.50877193,0.0,0.0,0.0
04/02/2018 22:47:00,,,,,,,,2,,5.5,0,,dataset2,104.0,1.985065178,0.0,0.0,0.0
04/02/2018 23:12:00,1.0,fast,4/2/18 23:10,4/2/18 23:18,128.0,0.0,1.0,2,4/2/18 19:01,4.189444444,0,0.0,dataset1,,,,,
04/02/2018 23:16:00,6.0,pick,4/2/18 23:10,4/2/18 23:18,381.0,0.0,1.0,2,4/2/18 19:01,4.259722222,0,0.0,dataset1,,,,,
04/02/2018 23:17:00,,,,,,,,2,,6.0,0,,dataset2,83.0,1.474576271,0.0,0.0,0.0
04/02/2018 23:43:00,2.0,fast,4/2/18 23:42,4/2/18 23:48,80.0,0.0,1.0,2,4/2/18 19:01,4.708055556,0,0.0,dataset1,,,,,
04/02/2018 23:45:00,11.0,bat,4/2/18 23:42,4/2/18 23:48,223.0,1.0,0.0,2,4/2/18 19:01,4.747777778,0,0.0,dataset1,,,,,
04/02/2018 23:45:00,1.0,fast,4/2/18 23:42,4/2/18 23:48,177.0,0.0,1.0,2,4/2/18 19:01,4.735,0,0.0,dataset1,,,,,
04/02/2018 23:46:00,11.0,rat,4/2/18 23:42,4/2/18 23:48,287.0,1.0,0.0,2,4/2/18 19:01,4.765555556,0,0.0,dataset1,,,,,
04/02/2018 23:46:00,3.0,rat,4/2/18 23:42,4/2/18 23:48,262.0,1.0,0.0,2,4/2/18 19:01,4.758611111,0,0.0,dataset1,,,,,
04/02/2018 23:46:00,6.0,bat,4/2/18 23:42,4/2/18 23:48,238.0,1.0,0.0,2,4/2/18 19:01,4.751944444,0,0.0,dataset1,,,,,
04/02/2018 23:46:00,25.0,pick,4/2/18 23:42,4/2/18 23:48,239.0,0.0,1.0,2,4/2/18 19:01,4.752222222,0,0.0,dataset1,,,,,
04/02/2018 23:46:00,3.0,fast,4/2/18 23:42,4/2/18 23:48,234.0,0.0,1.0,2,4/2/18 19:01,4.750833333,0,0.0,dataset1,,,,,
04/02/2018 23:47:00,,,,,,,,2,,6.5,0,,dataset2,94.0,0.967495899,0.0,0.0,0.0
04/02/2018 23:48:00,6.0,bat,4/2/18 23:42,4/2/18 23:48,360.0,1.0,0.0,2,4/2/18 19:01,4.785833333,0,0.0,dataset1,,,,,
04/02/2018 23:48:00,15.0,pick,4/2/18 23:42,4/2/18 23:48,355.0,0.0,1.0,2,4/2/18 19:01,4.784444444,0,0.0,dataset1,,,,,
05/02/2018 00:17:00,,,,,,,,2,,7.0,0,,dataset2,51.0,0.466666667,0.0,0.0,0.0
05/02/2018 00:47:00,,,,,,,,2,,7.5,0,,dataset2,26.0,0.108333333,0.0,0.0,0.0
05/02/2018 00:47:00,19.0,rat,5/2/18 00:46,5/2/18 00:58,12.0,1.0,0.0,2,5/1/18 19:21,5.434722222,0,0.0,dataset1,,,,,
05/02/2018 00:47:00,2.0,pick,5/2/18 00:46,5/2/18 00:58,10.0,0.0,1.0,2,5/1/18 19:21,5.434166667,0,0.0,dataset1,,,,,
05/02/2018 00:49:00,1.0,fast,5/2/18 00:46,5/2/18 00:58,142.0,0.0,1.0,2,5/1/18 19:21,5.470833333,0,0.0,dataset1,,,,,
05/02/2018 00:50:00,106.0,pick,5/2/18 00:46,5/2/18 00:58,204.0,1.0,1.0,2,5/1/18 19:21,5.488055556,0,0.0,dataset1,,,,,
05/02/2018 00:51:00,6.0,rat,5/2/18 00:46,5/2/18 00:58,280.0,1.0,0.0,2,5/1/18 19:21,5.509166667,0,0.0,dataset1,,,,,
05/02/2018 00:51:00,22.0,bat,5/2/18 00:46,5/2/18 00:58,296.0,1.0,0.0,2,5/1/18 19:21,5.513611111,0,1.0,dataset1,,,,,
05/02/2018 00:51:00,2.0,bat,5/2/18 00:46,5/2/18 00:58,253.0,1.0,0.0,2,5/1/18 19:21,5.501666667,0,1.0,dataset1,,,,,
05/02/2018 00:53:00,22.0,pick,5/2/18 00:46,5/2/18 00:58,408.0,0.0,1.0,2,5/1/18 19:21,5.544722222,0,0.0,dataset1,,,,,
05/02/2018 00:53:00,20.0,rat,5/2/18 00:46,5/2/18 00:58,396.0,1.0,1.0,2,5/1/18 19:21,5.541388889,0,0.0,dataset1,,,,,
05/02/2018 00:54:00,7.0,pick,5/2/18 00:46,5/2/18 00:58,433.0,0.0,1.0,2,5/1/18 19:21,5.551666667,0,0.0,dataset1,,,,,
05/02/2018 00:57:00,4.0,rat,5/2/18 00:46,5/2/18 00:58,627.0,1.0,0.0,2,5/1/18 19:21,5.605555556,0,0.0,dataset1,,,,,
05/02/2018 01:35:00,2.0,rat,5/2/18 01:34,5/2/18 01:36,99.0,1.0,0.0,2,5/1/18 19:21,6.248333333,0,0.0,dataset1,,,,,
05/02/2018 02:16:00,443.0,pick,5/2/18 02:14,5/2/18 02:24,132.0,1.0,1.0,2,5/1/18 19:21,6.92,0,0.0,dataset1,,,,,
05/02/2018 02:20:00,0.010871342,bat,5/2/18 02:14,5/2/18 02:24,404.0,1.0,0.0,2,5/1/18 19:21,6.995555556,0,0.0,dataset1,,,,,
05/02/2018 02:21:00,4.0,bat,5/2/18 02:14,5/2/18 02:24,449.0,1.0,0.0,2,5/1/18 19:21,7.008055556,0,0.0,dataset1,,,,,
05/02/2018 02:22:00,7.0,bat,5/2/18 02:14,5/2/18 02:24,507.0,1.0,0.0,2,5/1/18 19:21,7.024166667,0,0.0,dataset1,,,,,
05/02/2018 02:22:00,6.0,bat,5/2/18 02:14,5/2/18 02:24,481.0,1.0,0.0,2,5/1/18 19:21,7.016944444,0,0.0,dataset1,,,,,
05/02/2018 02:52:00,30.0,pick,5/2/18 02:45,5/2/18 02:52,394.0,0.0,1.0,2,5/1/18 19:21,7.519722222,0,0.0,dataset1,,,,,
05/02/2018 03:51:00,1.0,fast,5/2/18 03:50,5/2/18 03:51,23.0,0.0,1.0,2,5/1/18 19:21,8.5025,0,0.0,dataset1,,,,,
05/02/2018 04:22:00,23.0,rat,5/2/18 04:14,5/2/18 04:27,489.0,1.0,1.0,2,5/1/18 19:21,9.026111111,0,0.0,dataset1,,,,,
05/02/2018 05:09:00,0.019932178,fast,5/2/18 05:07,5/2/18 05:10,110.0,0.0,1.0,2,5/1/18 19:21,9.813055556,0,0.0,dataset1,,,,,
05/02/2018 17:18:00,,,,,,,,2,,0.0,0,,dataset2,58.0,4.0,0.0,0.0,0.0
05/02/2018 17:48:00,,,,,,,,2,,0.5,0,,dataset2,40.0,4.0,0.0,0.0,0.0
05/02/2018 18:18:00,,,,,,,,2,,1.0,0,,dataset2,67.0,4.0,0.0,0.0,0.0
05/02/2018 18:48:00,,,,,,,,2,,1.5,0,,dataset2,45.0,3.911030177,0.0,0.0,0.0
05/02/2018 19:18:00,,,,,,,,2,,2.0,0,,dataset2,69.0,3.467741935,0.0,0.0,0.0
05/02/2018 19:48:00,,,,,,,,2,,2.5,0,,dataset2,86.0,3.054630593,0.0,0.0,0.0
05/02/2018 19:52:00,3.0,rat,5/2/18 19:52,5/2/18 19:55,9.0,1.0,0.0,2,5/2/18 19:21,0.530555556,0,0.0,dataset1,,,,,
05/02/2018 19:53:00,1.0,rat,5/2/18 19:52,5/2/18 19:55,51.0,1.0,0.0,2,5/2/18 19:21,0.542222222,0,0.0,dataset1,,,,,
05/02/2018 19:55:00,1.0,rat,5/2/18 19:52,5/2/18 19:55,146.0,1.0,0.0,2,5/2/18 19:21,0.568611111,0,0.0,dataset1,,,,,
05/02/2018 20:18:00,,,,,,,,2,,3.0,0,,dataset2,89.0,3.0,0.0,0.0,0.0
05/02/2018 20:48:00,,,,,,,,2,,3.5,0,,dataset2,73.0,2.909571655,0.0,0.0,0.0
05/02/2018 21:01:00,1.0,rat,5/2/18 20:59,5/2/18 21:06,124.0,1.0,0.0,2,5/2/18 19:21,1.680277778,0,0.0,dataset1,,,,,
05/02/2018 21:01:00,18.0,pick,5/2/18 20:59,5/2/18 21:06,89.0,0.0,1.0,2,5/2/18 19:21,1.670555556,0,0.0,dataset1,,,,,
05/02/2018 21:05:00,4.0,rat,5/2/18 20:59,5/2/18 21:06,317.0,1.0,0.0,2,5/2/18 19:21,1.733888889,0,0.0,dataset1,,,,,
05/02/2018 21:18:00,,,,,,,,2,,4.0,0,,dataset2,96.0,2.459016393,0.0,0.0,0.0
05/02/2018 21:48:00,,,,,,,,2,,4.5,0,,dataset2,98.0,2.048122686,0.0,0.0,0.0
05/02/2018 22:00:00,29.0,pick,5/2/18 21:54,5/2/18 22:01,348.0,0.0,1.0,2,5/2/18 19:21,2.652222222,0,0.0,dataset1,,,,,
05/02/2018 22:18:00,,,,,,,,2,,5.0,0,,dataset2,82.0,2.0,0.0,0.0,0.0
05/02/2018 22:48:00,,,,,,,,2,,5.5,0,,dataset2,67.0,1.917741935,1.966666667,2.0,1.0
05/02/2018 22:56:00,1.0,fast,5/2/18 22:51,5/2/18 22:57,293.0,0.0,1.0,2,5/2/18 19:21,3.592777778,0,0.0,dataset1,,,,,
05/02/2018 23:13:00,16.0,rat,5/2/18 23:13,5/2/18 23:20,5.0,1.0,1.0,2,5/2/18 19:21,3.868611111,0,0.0,dataset1,,,,,
05/02/2018 23:18:00,,,,,,,,2,,6.0,0,,dataset2,104.0,1.466666667,1.3,8.0,1.0
05/02/2018 23:20:00,2.0,other,5/2/18 23:13,5/2/18 23:20,448.0,0.0,0.0,2,5/2/18 19:21,3.991666667,0,0.0,dataset1,,,,,
05/02/2018 23:20:00,1.0,fast,5/2/18 23:13,5/2/18 23:20,451.0,0.0,1.0,2,5/2/18 19:21,3.9925,0,0.0,dataset1,,,,,
05/02/2018 23:48:00,,,,,,,,2,,6.5,0,,dataset2,62.0,1.048924731,0.0,0.0,0.0
05/02/2018 23:59:00,56.0,pick,5/2/18 23:53,5/3/18 00:02,379.0,0.0,1.0,2,5/2/18 19:21,4.643055556,0,0.0,dataset1,,,,,
06/02/2018 00:18:00,,,,,,,,2,,7.0,0,,dataset2,81.0,1.0,0.0,0.0,0.0
06/02/2018 00:48:00,,,,,,,,2,,7.5,0,,dataset2,62.0,0.926336062,0.0,0.0,0.0
06/02/2018 01:18:00,,,,,,,,2,,8.0,0,,dataset2,39.0,0.52238806,0.0,0.0,0.0
06/02/2018 01:48:00,,,,,,,,2,,8.5,0,,dataset2,14.0,0.149253731,0.0,0.0,0.0
06/02/2018 02:18:00,,,,,,,,2,,9.0,0,,dataset2,8.0,0.0,0.0,0.0,0.0
06/02/2018 02:48:00,,,,,,,,2,,9.5,0,,dataset2,3.0,0.0,0.0,0.0,0.0
07/02/2018 17:19:00,,,,,,,,2,,0.0,0,,dataset2,17.0,4.0,0.0,0.0,0.0
07/02/2018 17:49:00,,,,,,,,2,,0.5,0,,dataset2,53.0,4.0,0.25,1.0,1.0
07/02/2018 18:19:00,,,,,,,,2,,1.0,0,,dataset2,29.0,4.0,10.48333333,5.0,1.0
07/02/2018 18:32:00,1.0,rat,2/7/18 18:29,2/7/18 18:44,166.0,1.0,0.0,2,2/7/18 17:19,1.225277778,0,0.0,dataset1,,,,,
07/02/2018 18:49:00,,,,,,,,2,,1.5,0,,dataset2,46.0,4.0,0.633333333,1.0,1.0
07/02/2018 19:19:00,,,,,,,,2,,2.0,0,,dataset2,45.0,4.0,0.133333333,1.0,1.0
07/02/2018 19:49:00,,,,,,,,2,,2.5,0,,dataset2,42.0,3.901144641,0.0,0.0,0.0
07/02/2018 20:19:00,,,,,,,,2,,3.0,0,,dataset2,65.0,3.451612903,0.0,0.0,0.0
07/02/2018 20:49:00,,,,,,,,2,,3.5,0,,dataset2,64.0,3.047346514,0.0,0.0,0.0
07/02/2018 21:19:00,,,,,,,,2,,4.0,0,,dataset2,69.0,3.0,0.0,0.0,0.0
07/02/2018 21:49:00,,,,,,,,2,,4.5,0,,dataset2,60.0,2.933259177,0.65,1.0,1.0
07/02/2018 22:19:00,,,,,,,,2,,5.0,0,,dataset2,81.0,2.482758621,0.0,0.0,0.0
07/02/2018 22:49:00,,,,,,,,2,,5.5,0,,dataset2,65.0,2.050611791,2.433333333,2.0,1.0
07/02/2018 22:58:00,14.0,pick,2/7/18 22:53,2/7/18 22:58,299.0,0.0,1.0,2,2/7/18 17:19,5.661944444,0,0.0,dataset1,,,,,
07/02/2018 23:19:00,,,,,,,,2,,6.0,0,,dataset2,49.0,2.0,0.0,0.0,0.0
07/02/2018 23:49:00,,,,,,,,2,,6.5,0,,dataset2,58.0,2.0,0.0,0.0,0.0
08/02/2018 00:19:00,,,,,,,,2,,7.0,0,,dataset2,40.0,2.0,0.0,0.0,0.0
08/02/2018 00:49:00,,,,,,,,2,,7.5,0,,dataset2,45.0,1.92303339,0.0,0.0,0.0
08/02/2018 01:19:00,,,,,,,,2,,8.0,0,,dataset2,49.0,1.456140351,0.25,1.0,1.0
08/02/2018 01:47:00,8.0,rat,2/8/18 01:47,2/8/18 01:48,7.0,1.0,0.0,2,2/7/18 17:19,8.481666667,0,0.0,dataset1,,,,,
08/02/2018 01:49:00,,,,,,,,2,,8.5,0,,dataset2,53.0,1.037351443,4.166666667,2.0,1.0
08/02/2018 01:52:00,1.0,fast,2/8/18 01:52,2/8/18 01:52,2.0,0.0,1.0,2,2/7/18 17:19,8.554722222,0,0.0,dataset1,,,,,
08/02/2018 02:06:00,1.0,rat,2/8/18 02:05,2/8/18 02:09,80.0,1.0,0.0,2,2/7/18 17:19,8.798611111,0,0.0,dataset1,,,,,
08/02/2018 02:06:00,6.0,rat,2/8/18 02:05,2/8/18 02:09,74.0,1.0,0.0,2,2/7/18 17:19,8.796944444,0,0.0,dataset1,,,,,
08/02/2018 02:07:00,4.0,rat,2/8/18 02:05,2/8/18 02:09,116.0,1.0,0.0,2,2/7/18 17:19,8.808611111,0,0.0,dataset1,,,,,
08/02/2018 02:07:00,7.0,rat,2/8/18 02:05,2/8/18 02:09,99.0,1.0,0.0,2,2/7/18 17:19,8.803888889,0,0.0,dataset1,,,,,
08/02/2018 02:08:00,4.0,rat,2/8/18 02:05,2/8/18 02:09,200.0,1.0,0.0,2,2/7/18 17:19,8.831944444,0,0.0,dataset1,,,,,
08/02/2018 02:19:00,,,,,,,,2,,9.0,0,,dataset2,24.0,1.0,0.0,0.0,0.0
08/02/2018 02:49:00,,,,,,,,2,,9.5,0,,dataset2,27.0,1.0,0.0,0.0,0.0
08/02/2018 03:19:00,,,,,,,,2,,10.0,0,,dataset2,14.0,0.0,4.216666667,1.0,1.0
08/02/2018 03:41:00,0.035867953,rat,2/8/18 03:41,2/8/18 03:45,27.0,1.0,0.0,2,2/7/18 17:19,10.37444444,0,0.0,dataset1,,,,,
08/02/2018 03:49:00,,,,,,,,2,,10.5,0,,dataset2,19.0,0.0,0.0,0.0,0.0
08/02/2018 04:19:00,,,,,,,,2,,11.0,0,,dataset2,11.0,0.0,0.0,0.0,0.0
08/02/2018 04:49:00,,,,,,,,2,,11.5,0,,dataset2,5.0,0.0,0.0,0.0,0.0
08/02/2018 05:19:00,,,,,,,,2,,12.0,0,,dataset2,5.0,0.0,0.0,0.0,0.0
08/02/2018 05:49:00,,,,,,,,2,,12.5,0,,dataset2,1.0,0.0,0.0,0.0,0.0
08/02/2018 17:20:00,,,,,,,,2,,0.0,0,,dataset2,36.0,4.0,0.0,0.0,0.0
08/02/2018 17:50:00,,,,,,,,2,,0.5,0,,dataset2,9.0,4.0,0.0,0.0,0.0
08/02/2018 18:20:00,,,,,,,,2,,1.0,0,,dataset2,46.0,4.0,0.0,0.0,0.0
08/02/2018 18:50:00,,,,,,,,2,,1.5,0,,dataset2,45.0,4.0,0.0,0.0,0.0
08/02/2018 19:20:00,,,,,,,,2,,2.0,0,,dataset2,63.0,4.0,0.0,0.0,0.0
08/02/2018 19:50:00,,,,,,,,2,,2.5,0,,dataset2,50.0,3.913412564,0.0,0.0,0.0
08/02/2018 20:20:00,,,,,,,,2,,3.0,0,,dataset2,23.0,3.438596491,0.0,0.0,0.0
08/02/2018 20:50:00,,,,,,,,2,,3.5,0,,dataset2,32.0,3.031126203,0.0,0.0,0.0
08/02/2018 21:20:00,,,,,,,,2,,4.0,0,,dataset2,67.0,3.0,0.0,0.0,0.0
08/02/2018 21:50:00,,,,,,,,2,,4.5,0,,dataset2,70.0,3.0,0.0,0.0,0.0
08/02/2018 22:20:00,,,,,,,,2,,5.0,0,,dataset2,54.0,3.0,0.0,0.0,0.0
08/02/2018 22:50:00,,,,,,,,2,,5.5,0,,dataset2,60.0,2.887096774,0.0,0.0,0.0
08/02/2018 23:20:00,,,,,,,,2,,6.0,0,,dataset2,80.0,2.416666667,0.0,0.0,0.0
08/02/2018 23:50:00,,,,,,,,2,,6.5,0,,dataset2,38.0,2.029569892,1.0,4.0,1.0
09/02/2018 00:06:00,3.0,fast,2/9/18 00:06,2/9/18 00:06,2.0,0.0,1.0,2,2/8/18 17:20,6.767222222,0,0.0,dataset1,,,,,
09/02/2018 00:11:00,1.0,rat,2/9/18 00:09,2/9/18 00:13,135.0,1.0,0.0,2,2/8/18 17:20,6.862222222,0,0.0,dataset1,,,,,
09/02/2018 00:20:00,,,,,,,,2,,7.0,0,,dataset2,46.0,2.0,1.133333333,2.0,1.0
09/02/2018 00:26:00,17.0,pick,2/9/18 00:26,2/9/18 00:32,2.0,0.0,1.0,2,2/8/18 17:20,7.114722222,0,0.0,dataset1,,,,,
09/02/2018 00:29:00,1.0,rat,2/9/18 00:26,2/9/18 00:32,154.0,1.0,0.0,2,2/8/18 17:20,7.156944444,0,0.0,dataset1,,,,,
09/02/2018 00:50:00,,,,,,,,2,,7.5,0,,dataset2,41.0,2.0,0.55,1.0,1.0
09/02/2018 01:20:00,,,,,,,,2,,8.0,0,,dataset2,50.0,2.0,0.0,0.0,0.0
09/02/2018 01:50:00,,,,,,,,2,,8.5,0,,dataset2,27.0,1.888947647,0.766666667,2.0,1.0
09/02/2018 02:20:00,,,,,,,,2,,9.0,0,,dataset2,31.0,1.426229508,0.0,0.0,0.0
09/02/2018 02:50:00,,,,,,,,2,,9.5,0,,dataset2,31.0,1.034902168,0.0,0.0,0.0
09/02/2018 03:20:00,,,,,,,,2,,10.0,0,,dataset2,22.0,1.0,4.733333333,1.0,1.0
09/02/2018 03:31:00,1.0,rat,2/9/18 03:28,2/9/18 03:33,146.0,1.0,0.0,2,2/8/18 17:20,10.18444444,0,0.0,dataset1,,,,,
09/02/2018 03:32:00,21.0,rat,2/9/18 03:28,2/9/18 03:33,211.0,1.0,0.0,2,2/8/18 17:20,10.2025,0,0.0,dataset1,,,,,
09/02/2018 03:32:00,9.0,pick,2/9/18 03:28,2/9/18 03:33,246.0,0.0,1.0,2,2/8/18 17:20,10.21222222,0,0.0,dataset1,,,,,
09/02/2018 03:50:00,,,,,,,,2,,10.5,0,,dataset2,17.0,1.0,1.066666667,2.0,1.0
09/02/2018 04:20:00,,,,,,,,2,,11.0,0,,dataset2,21.0,1.0,0.0,0.0,0.0
09/02/2018 04:50:00,,,,,,,,2,,11.5,0,,dataset2,3.0,1.0,0.0,0.0,0.0
09/02/2018 05:20:00,,,,,,,,2,,12.0,0,,dataset2,11.0,0.0,1.033333333,1.0,1.0
09/02/2018 05:50:00,,,,,,,,2,,12.5,0,,dataset2,2.0,0.0,0.45,1.0,1.0
09/02/2018 06:20:00,,,,,,,,2,,13.0,0,,dataset2,2.0,0.0,1.45,1.0,1.0
09/02/2018 17:21:00,,,,,,,,2,,0.0,0,,dataset2,8.0,4.0,0.0,0.0,0.0
09/02/2018 17:51:00,,,,,,,,2,,0.5,0,,dataset2,15.0,4.0,0.0,0.0,0.0
09/02/2018 18:21:00,,,,,,,,2,,1.0,0,,dataset2,21.0,4.0,0.0,0.0,0.0
09/02/2018 18:51:00,,,,,,,,2,,1.5,0,,dataset2,50.0,3.989704873,0.0,0.0,0.0
09/02/2018 19:21:00,,,,,,,,2,,2.0,0,,dataset2,80.0,3.574468085,0.0,0.0,0.0
09/02/2018 19:51:00,,,,,,,,2,,2.5,0,,dataset2,105.0,3.05353466,0.0,0.0,0.0
09/02/2018 20:21:00,,,,,,,,2,,3.0,0,,dataset2,64.0,3.0,0.0,0.0,0.0
09/02/2018 20:51:00,,,,,,,,2,,3.5,0,,dataset2,67.0,2.88518316,0.0,0.0,0.0
09/02/2018 21:21:00,,,,,,,,2,,4.0,0,,dataset2,79.0,2.406779661,0.0,0.0,0.0
09/02/2018 21:51:00,,,,,,,,2,,4.5,0,,dataset2,91.0,2.024603609,0.0,0.0,0.0
09/02/2018 22:21:00,,,,,,,,2,,5.0,0,,dataset2,90.0,2.0,0.0,0.0,0.0
09/02/2018 22:51:00,,,,,,,,2,,5.5,0,,dataset2,63.0,2.0,0.0,0.0,0.0
09/02/2018 23:21:00,,,,,,,,2,,6.0,0,,dataset2,73.0,2.0,0.0,0.0,0.0
09/02/2018 23:51:00,,,,,,,,2,,6.5,0,,dataset2,81.0,1.903225806,0.0,0.0,0.0
10/02/2018 00:21:00,,,,,,,,2,,7.0,0,,dataset2,83.0,1.421052632,4.1,3.0,1.0
10/02/2018 00:43:00,4.0,rat,2/10/18 00:43,2/10/18 00:45,22.0,1.0,0.0,2,2/9/18 17:21,7.375277778,0,0.0,dataset1,,,,,
10/02/2018 00:44:00,3.0,fast,2/10/18 00:43,2/10/18 00:45,96.0,0.0,1.0,2,2/9/18 17:21,7.395833333,0,0.0,dataset1,,,,,
10/02/2018 00:44:00,7.0,bat,2/10/18 00:43,2/10/18 00:45,61.0,1.0,0.0,2,2/9/18 17:21,7.386111111,0,0.0,dataset1,,,,,
10/02/2018 00:44:00,21.0,bat,2/10/18 00:43,2/10/18 00:45,65.0,1.0,1.0,2,2/9/18 17:21,7.387222222,0,0.0,dataset1,,,,,
10/02/2018 00:44:00,4.0,pick,2/10/18 00:43,2/10/18 00:45,68.0,0.0,1.0,2,2/9/18 17:21,7.388055556,0,0.0,dataset1,,,,,
10/02/2018 00:44:00,2.0,pick,2/10/18 00:43,2/10/18 00:45,80.0,0.0,1.0,2,2/9/18 17:21,7.391388889,0,0.0,dataset1,,,,,
10/02/2018 00:49:00,0.089216347,fast,2/10/18 00:49,2/10/18 00:51,18.0,0.0,1.0,2,2/9/18 17:21,7.471944444,0,0.0,dataset1,,,,,
10/02/2018 00:49:00,2.0,rat,2/10/18 00:49,2/10/18 00:51,56.0,1.0,0.0,2,2/9/18 17:21,7.4825,0,0.0,dataset1,,,,,
10/02/2018 00:50:00,0.041390374,fast,2/10/18 00:49,2/10/18 00:51,65.0,0.0,1.0,2,2/9/18 17:21,7.485,0,0.0,dataset1,,,,,
10/02/2018 00:50:00,0.090143902,rat,2/10/18 00:49,2/10/18 00:51,81.0,1.0,0.0,2,2/9/18 17:21,7.489444444,0,0.0,dataset1,,,,,
10/02/2018 00:50:00,20.0,other,2/10/18 00:49,2/10/18 00:51,102.0,0.0,0.0,2,2/9/18 17:21,7.495277778,0,0.0,dataset1,,,,,
10/02/2018 00:51:00,,,,,,,,2,,7.5,0,,dataset2,51.0,1.025466893,0.783333333,1.0,1.0
10/02/2018 00:51:00,2.0,rat,2/10/18 00:49,2/10/18 00:51,149.0,1.0,0.0,2,2/9/18 17:21,7.508333333,0,0.0,dataset1,,,,,
10/02/2018 01:21:00,,,,,,,,2,,8.0,0,,dataset2,53.0,1.0,0.0,0.0,0.0
10/02/2018 01:51:00,,,,,,,,2,,8.5,0,,dataset2,77.0,1.0,0.0,0.0,0.0
10/02/2018 02:21:00,,,,,,,,2,,9.0,0,,dataset2,43.0,1.0,0.0,0.0,0.0
10/02/2018 02:51:00,,,,,,,,2,,9.5,0,,dataset2,18.0,0.875806452,4.716666667,1.0,1.0
10/02/2018 03:21:00,,,,,,,,2,,10.0,0,,dataset2,41.0,0.4,0.0,0.0,0.0
10/02/2018 03:51:00,,,,,,,,2,,10.5,0,,dataset2,33.0,0.075,0.0,0.0,0.0
10/02/2018 04:21:00,,,,,,,,2,,11.0,0,,dataset2,34.0,0.0,0.0,0.0,0.0
10/02/2018 17:52:00,,,,,,,,2,,0.5,0,,dataset2,73.0,4.0,0.0,0.0,0.0
10/02/2018 18:22:00,,,,,,,,2,,1.0,0,,dataset2,49.0,4.0,0.0,0.0,0.0
10/02/2018 18:52:00,,,,,,,,2,,1.5,0,,dataset2,39.0,4.0,0.0,0.0,0.0
10/02/2018 19:22:00,,,,,,,,2,,2.0,0,,dataset2,47.0,4.0,0.25,1.0,1.0
10/02/2018 19:25:00,0.097399911,fast,2/10/18 19:24,2/10/18 19:25,13.0,0.0,1.0,2,2/10/18 17:22,2.05,0,0.0,dataset1,,,,,
10/02/2018 19:52:00,,,,,,,,2,,2.5,0,,dataset2,47.0,3.870455709,0.0,0.0,0.0
10/02/2018 20:22:00,,,,,,,,2,,3.0,0,,dataset2,75.0,3.412698413,0.0,0.0,0.0
10/02/2018 20:52:00,,,,,,,,2,,3.5,0,,dataset2,85.0,3.033794163,2.8,7.0,1.0
10/02/2018 21:08:00,5.0,rat,2/10/18 21:04,2/10/18 21:11,222.0,1.0,0.0,2,2/10/18 17:22,3.771111111,0,0.0,dataset1,,,,,
10/02/2018 21:22:00,,,,,,,,2,,4.0,0,,dataset2,92.0,3.0,3.633333333,8.0,1.0
10/02/2018 21:36:00,1.0,rat,2/10/18 21:35,2/10/18 21:36,68.0,1.0,0.0,2,2/10/18 17:22,4.236666667,0,0.0,dataset1,,,,,
10/02/2018 21:36:00,2.0,rat,2/10/18 21:35,2/10/18 21:36,75.0,1.0,0.0,2,2/10/18 17:22,4.238611111,0,0.0,dataset1,,,,,
10/02/2018 21:44:00,1.0,rat,2/10/18 21:44,2/10/18 21:51,6.0,1.0,0.0,2,2/10/18 17:22,4.368333333,0,0.0,dataset1,,,,,
10/02/2018 21:45:00,6.0,other,2/10/18 21:44,2/10/18 21:51,86.0,0.0,0.0,2,2/10/18 17:22,4.390555556,0,0.0,dataset1,,,,,
10/02/2018 21:45:00,4.0,rat,2/10/18 21:44,2/10/18 21:51,92.0,1.0,0.0,2,2/10/18 17:22,4.392222222,0,0.0,dataset1,,,,,
10/02/2018 21:46:00,13.0,rat,2/10/18 21:44,2/10/18 21:51,137.0,1.0,0.0,2,2/10/18 17:22,4.404722222,0,0.0,dataset1,,,,,
10/02/2018 21:46:00,1.0,rat,2/10/18 21:44,2/10/18 21:51,155.0,1.0,0.0,2,2/10/18 17:22,4.409722222,0,0.0,dataset1,,,,,
10/02/2018 21:46:00,2.0,fast,2/10/18 21:44,2/10/18 21:51,158.0,0.0,1.0,2,2/10/18 17:22,4.410555556,0,0.0,dataset1,,,,,
10/02/2018 21:47:00,1.0,rat,2/10/18 21:44,2/10/18 21:51,224.0,1.0,0.0,2,2/10/18 17:22,4.428888889,0,0.0,dataset1,,,,,
10/02/2018 21:52:00,,,,,,,,2,,4.5,0,,dataset2,60.0,2.863978495,0.7,2.0,1.0
10/02/2018 22:22:00,,,,,,,,2,,5.0,0,,dataset2,75.0,2.383333333,0.0,0.0,0.0
10/02/2018 22:52:00,,,,,,,,2,,5.5,0,,dataset2,60.0,2.019354839,0.0,0.0,0.0
10/02/2018 23:22:00,,,,,,,,2,,6.0,0,,dataset2,45.0,2.0,0.0,0.0,0.0
10/02/2018 23:52:00,,,,,,,,2,,6.5,0,,dataset2,63.0,1.875806452,0.0,0.0,0.0
11/02/2018 00:22:00,,,,,,,,2,,7.0,0,,dataset2,70.0,1.4,1.566666667,1.0,1.0
11/02/2018 00:32:00,1.0,rat,2/11/18 00:31,2/11/18 00:33,35.0,1.0,0.0,2,2/10/18 17:22,7.1725,0,0.0,dataset1,,,,,
11/02/2018 00:52:00,,,,,,,,2,,7.5,0,,dataset2,49.0,1.024193548,1.383333333,1.0,1.0
11/02/2018 01:09:00,5.0,pick,2/11/18 01:09,2/11/18 01:10,7.0,0.0,1.0,2,2/10/18 17:22,7.794722222,0,0.0,dataset1,,,,,
11/02/2018 01:22:00,,,,,,,,2,,8.0,0,,dataset2,56.0,1.0,0.0,0.0,0.0
11/02/2018 01:52:00,,,,,,,,2,,8.5,0,,dataset2,49.0,0.88320356,6.05,1.0,1.0
11/02/2018 01:54:00,0.04438061,rat,2/11/18 01:52,2/11/18 01:58,105.0,1.0,0.0,2,2/10/18 17:22,8.544444444,0,0.0,dataset1,,,,,
11/02/2018 01:55:00,3.0,rat,2/11/18 01:52,2/11/18 01:58,132.0,1.0,0.0,2,2/10/18 17:22,8.551944444,0,0.0,dataset1,,,,,
11/02/2018 01:56:00,1.0,fast,2/11/18 01:52,2/11/18 01:58,242.0,0.0,1.0,2,2/10/18 17:22,8.5825,0,0.0,dataset1,,,,,
11/02/2018 01:57:00,6.0,fast,2/11/18 01:52,2/11/18 01:58,269.0,0.0,1.0,2,2/10/18 17:22,8.59,0,0.0,dataset1,,,,,
11/02/2018 01:57:00,24.0,rat,2/11/18 01:52,2/11/18 01:58,286.0,1.0,0.0,2,2/10/18 17:22,8.594722222,0,0.0,dataset1,,,,,
11/02/2018 02:22:00,,,,,,,,2,,9.0,0,,dataset2,51.0,0.396551724,0.0,0.0,0.0
11/02/2018 02:52:00,,,,,,,,2,,9.5,0,,dataset2,50.0,0.068965517,0.0,0.0,0.0
11/02/2018 03:22:00,,,,,,,,2,,10.0,0,,dataset2,36.0,0.0,0.0,0.0,0.0
11/02/2018 03:52:00,,,,,,,,2,,10.5,0,,dataset2,14.0,0.0,0.0,0.0,0.0
11/02/2018 04:22:00,,,,,,,,2,,11.0,0,,dataset2,6.0,0.0,0.0,0.0,0.0
11/02/2018 17:23:00,,,,,,,,2,,0.0,0,,dataset2,9.0,4.0,0.0,0.0,0.0
11/02/2018 17:53:00,,,,,,,,2,,0.5,0,,dataset2,13.0,4.0,0.0,0.0,0.0
11/02/2018 18:23:00,,,,,,,,2,,1.0,0,,dataset2,26.0,4.0,0.0,0.0,0.0
11/02/2018 18:53:00,,,,,,,,2,,1.5,0,,dataset2,56.0,3.920234604,0.0,0.0,0.0
11/02/2018 19:23:00,,,,,,,,2,,2.0,0,,dataset2,43.0,3.436363636,0.0,0.0,0.0
11/02/2018 19:53:00,,,,,,,,2,,2.5,0,,dataset2,56.0,3.026392962,0.0,0.0,0.0
11/02/2018 20:23:00,,,,,,,,2,,3.0,0,,dataset2,33.0,3.0,0.0,0.0,0.0
11/02/2018 20:53:00,,,,,,,,2,,3.5,0,,dataset2,52.0,3.0,0.0,0.0,0.0
11/02/2018 21:23:00,,,,,,,,2,,4.0,0,,dataset2,66.0,3.0,0.0,0.0,0.0
11/02/2018 21:53:00,,,,,,,,2,,4.5,0,,dataset2,46.0,2.860887097,0.0,0.0,0.0
11/02/2018 22:23:00,,,,,,,,2,,5.0,0,,dataset2,66.0,2.40625,0.0,0.0,0.0
11/02/2018 22:53:00,,,,,,,,2,,5.5,0,,dataset2,76.0,2.033266129,0.0,0.0,0.0
11/02/2018 23:23:00,,,,,,,,2,,6.0,0,,dataset2,66.0,2.0,0.0,0.0,0.0
11/02/2018 23:53:00,,,,,,,,2,,6.5,0,,dataset2,61.0,2.0,0.0,0.0,0.0
12/02/2018 00:23:00,,,,,,,,2,,7.0,0,,dataset2,54.0,2.0,0.0,0.0,0.0
12/02/2018 00:53:00,,,,,,,,2,,7.5,0,,dataset2,52.0,1.873701476,0.0,0.0,0.0
12/02/2018 01:23:00,,,,,,,,2,,8.0,0,,dataset2,35.0,1.389830508,0.0,0.0,0.0
12/02/2018 01:53:00,,,,,,,,2,,8.5,0,,dataset2,44.0,1.019682887,0.0,0.0,0.0
12/02/2018 02:23:00,,,,,,,,2,,9.0,0,,dataset2,39.0,1.0,0.0,0.0,0.0
12/02/2018 02:53:00,,,,,,,,2,,9.5,0,,dataset2,38.0,0.863978495,0.0,0.0,0.0
12/02/2018 03:23:00,,,,,,,,2,,10.0,0,,dataset2,11.0,0.383333333,9.266666667,1.0,1.0
12/02/2018 03:53:00,,,,,,,,2,,10.5,0,,dataset2,18.0,0.066666667,0.0,0.0,0.0
12/02/2018 04:23:00,,,,,,,,2,,11.0,0,,dataset2,2.0,0.0,0.0,0.0,0.0
12/02/2018 04:53:00,,,,,,,,2,,11.5,0,,dataset2,13.0,0.0,9.433333333,1.0,1.0
12/02/2018 05:23:00,,,,,,,,2,,12.0,0,,dataset2,8.0,0.0,0.0,0.0,0.0
12/02/2018 05:53:00,,,,,,,,2,,12.5,0,,dataset2,4.0,0.0,0.0,0.0,0.0
12/02/2018 06:23:00,,,,,,,,2,,13.0,0,,dataset2,2.0,0.0,0.0,0.0,0.0
12/02/2018 06:53:00,,,,,,,,2,,13.5,0,,dataset2,2.0,0.0,1.416666667,1.0,1.0
12/02/2018 17:24:00,,,,,,,,2,,0.0,0,,dataset2,7.0,4.0,0.0,0.0,0.0
12/02/2018 17:54:00,,,,,,,,2,,0.5,0,,dataset2,6.0,4.0,0.0,0.0,0.0
12/02/2018 18:24:00,,,,,,,,2,,1.0,0,,dataset2,28.0,4.0,0.0,0.0,0.0
12/02/2018 18:54:00,,,,,,,,2,,1.5,0,,dataset2,20.0,3.911866359,0.0,0.0,0.0
12/02/2018 19:24:00,,,,,,,,2,,2.0,0,,dataset2,49.0,3.428571429,0.0,0.0,0.0
12/02/2018 19:54:00,,,,,,,,2,,2.5,0,,dataset2,35.0,3.025921659,0.0,0.0,0.0
12/02/2018 20:24:00,,,,,,,,2,,3.0,0,,dataset2,61.0,3.0,0.0,0.0,0.0
12/02/2018 20:54:00,,,,,,,,2,,3.5,0,,dataset2,44.0,3.0,0.0,0.0,0.0
12/02/2018 21:24:00,,,,,,,,2,,4.0,0,,dataset2,44.0,3.0,0.0,0.0,0.0
12/02/2018 21:54:00,,,,,,,,2,,4.5,0,,dataset2,37.0,2.863978495,0.0,0.0,0.0
12/02/2018 22:24:00,,,,,,,,2,,5.0,0,,dataset2,58.0,2.383333333,0.0,0.0,0.0
12/02/2018 22:54:00,,,,,,,,2,,5.5,0,,dataset2,53.0,2.019354839,0.0,0.0,0.0
12/02/2018 23:24:00,,,,,,,,2,,6.0,0,,dataset2,40.0,2.0,0.0,0.0,0.0
12/02/2018 23:54:00,,,,,,,,2,,6.5,0,,dataset2,33.0,2.0,0.0,0.0,0.0
13/02/2018 00:24:00,,,,,,,,2,,7.0,0,,dataset2,36.0,2.0,1.65,1.0,1.0
13/02/2018 00:54:00,,,,,,,,2,,7.5,0,,dataset2,48.0,1.869269949,0.0,0.0,0.0
13/02/2018 01:24:00,,,,,,,,2,,8.0,0,,dataset2,29.0,1.368421053,0.0,0.0,0.0
13/02/2018 01:54:00,,,,,,,,2,,8.5,0,,dataset2,36.0,1.01188455,0.0,0.0,0.0
13/02/2018 02:24:00,,,,,,,,2,,9.0,0,,dataset2,29.0,1.0,0.0,0.0,0.0
13/02/2018 02:54:00,,,,,,,,2,,9.5,0,,dataset2,19.0,1.0,8.5,2.0,1.0
13/02/2018 03:24:00,,,,,,,,2,,10.0,0,,dataset2,15.0,1.0,3.35,2.0,1.0
13/02/2018 03:44:00,1.0,rat,13/2/18 03:43,13/2/18 03:45,77.0,1.0,0.0,2,2/12/18 17:24,10.34222222,0,0.0,dataset1,,,,,
13/02/2018 03:50:00,3.0,fast,13/2/18 03:49,13/2/18 03:50,59.0,0.0,1.0,2,2/12/18 17:24,10.435,0,0.0,dataset1,,,,,
13/02/2018 03:54:00,,,,,,,,2,,10.5,0,,dataset2,28.0,1.0,0.3,1.0,1.0
13/02/2018 04:24:00,,,,,,,,2,,11.0,0,,dataset2,20.0,0.0,0.0,0.0,0.0
13/02/2018 04:54:00,,,,,,,,2,,11.5,0,,dataset2,5.0,0.0,6.633333333,1.0,1.0
13/02/2018 05:54:00,,,,,,,,2,,12.5,0,,dataset2,4.0,0.0,0.0,0.0,0.0
13/02/2018 06:24:00,,,,,,,,2,,13.0,0,,dataset2,4.0,0.0,0.0,0.0,0.0
13/02/2018 17:25:00,,,,,,,,2,,0.0,0,,dataset2,1.0,4.0,0.0,0.0,0.0
13/02/2018 17:55:00,,,,,,,,2,,0.5,0,,dataset2,2.0,4.0,0.0,0.0,0.0
13/02/2018 18:25:00,,,,,,,,2,,1.0,0,,dataset2,15.0,4.0,0.0,0.0,0.0
13/02/2018 18:55:00,,,,,,,,2,,1.5,0,,dataset2,52.0,4.0,0.0,0.0,0.0
13/02/2018 19:25:00,,,,,,,,2,,2.0,0,,dataset2,53.0,4.0,0.0,0.0,0.0
13/02/2018 19:55:00,,,,,,,,2,,2.5,0,,dataset2,54.0,3.838709677,0.0,0.0,0.0
13/02/2018 20:25:00,,,,,,,,2,,3.0,0,,dataset2,72.0,3.35,0.0,0.0,0.0
13/02/2018 20:55:00,,,,,,,,2,,3.5,0,,dataset2,62.0,3.011290323,0.0,0.0,0.0
13/02/2018 21:25:00,,,,,,,,2,,4.0,0,,dataset2,62.0,3.0,0.0,0.0,0.0
13/02/2018 21:55:00,,,,,,,,2,,4.5,0,,dataset2,84.0,2.83358935,0.0,0.0,0.0
13/02/2018 22:25:00,,,,,,,,2,,5.0,0,,dataset2,68.0,2.365079365,0.0,0.0,0.0
13/02/2018 22:55:00,,,,,,,,2,,5.5,0,,dataset2,78.0,2.01843318,0.0,0.0,0.0
13/02/2018 23:25:00,,,,,,,,2,,6.0,0,,dataset2,41.0,2.0,0.0,0.0,0.0
13/02/2018 23:55:00,,,,,,,,2,,6.5,0,,dataset2,41.0,2.0,0.0,0.0,0.0
14/02/2018 00:25:00,,,,,,,,2,,7.0,0,,dataset2,49.0,2.0,0.0,0.0,0.0
14/02/2018 00:55:00,,,,,,,,2,,7.5,0,,dataset2,64.0,1.873701476,0.0,0.0,0.0
14/02/2018 01:25:00,,,,,,,,2,,8.0,0,,dataset2,36.0,1.389830508,0.0,0.0,0.0
14/02/2018 01:55:00,,,,,,,,2,,8.5,0,,dataset2,32.0,1.019682887,0.0,0.0,0.0
14/02/2018 02:25:00,,,,,,,,2,,9.0,0,,dataset2,29.0,1.0,0.0,0.0,0.0
14/02/2018 02:55:00,,,,,,,,2,,9.5,0,,dataset2,14.0,1.0,8.583333333,1.0,1.0
14/02/2018 03:11:00,31.0,pick,14/2/18 03:02,14/2/18 03:11,499.0,0.0,1.0,2,13/2/18 17:25,9.771666667,0,0.0,dataset1,,,,,
14/02/2018 03:25:00,,,,,,,,2,,10.0,0,,dataset2,10.0,0.0,5.383333333,2.0,1.0
14/02/2018 03:55:00,,,,,,,,2,,10.5,0,,dataset2,15.0,0.0,0.0,0.0,0.0
14/02/2018 04:25:00,,,,,,,,2,,11.0,0,,dataset2,22.0,0.0,6.333333333,1.0,1.0
14/02/2018 04:55:00,,,,,,,,2,,11.5,0,,dataset2,10.0,0.0,0.0,0.0,0.0
14/02/2018 05:25:00,,,,,,,,2,,12.0,0,,dataset2,12.0,0.0,8.033333333,1.0,1.0
14/02/2018 05:30:00,1.0,rat,14/2/18 05:26,14/2/18 05:34,225.0,1.0,0.0,2,13/2/18 17:25,12.09194444,0,0.0,dataset1,,,,,
14/02/2018 05:55:00,,,,,,,,2,,12.5,0,,dataset2,3.0,0.0,5.4,1.0,1.0
14/02/2018 06:25:00,,,,,,,,2,,13.0,0,,dataset2,2.0,0.0,1.866666667,1.0,1.0
14/02/2018 17:26:00,,,,,,,,2,,0.0,0,,dataset2,16.0,4.0,0.0,0.0,0.0
14/02/2018 17:56:00,,,,,,,,2,,0.5,0,,dataset2,11.0,4.0,0.0,0.0,0.0
14/02/2018 18:26:00,,,,,,,,2,,1.0,0,,dataset2,31.0,4.0,0.0,0.0,0.0
14/02/2018 18:56:00,,,,,,,,2,,1.5,0,,dataset2,52.0,3.934863524,0.0,0.0,0.0
14/02/2018 19:26:00,,,,,,,,2,,2.0,0,,dataset2,56.0,3.442307692,0.0,0.0,0.0
14/02/2018 19:56:00,,,,,,,,2,,2.5,0,,dataset2,47.0,3.022332506,0.0,0.0,0.0
14/02/2018 20:26:00,,,,,,,,2,,3.0,0,,dataset2,86.0,3.0,0.0,0.0,0.0
14/02/2018 20:56:00,,,,,,,,2,,3.5,0,,dataset2,54.0,2.83358935,0.0,0.0,0.0
14/02/2018 21:26:00,,,,,,,,2,,4.0,0,,dataset2,84.0,2.365079365,0.0,0.0,0.0
14/02/2018 21:56:00,,,,,,,,2,,4.5,0,,dataset2,86.0,2.01843318,5.133333333,4.0,1.0
14/02/2018 22:05:00,1.0,rat,14/2/18 22:04,14/2/18 22:12,89.0,1.0,0.0,2,14/2/18 17:26,4.659166667,0,0.0,dataset1,,,,,
14/02/2018 22:08:00,2.0,rat,14/2/18 22:04,14/2/18 22:12,259.0,1.0,0.0,2,14/2/18 17:26,4.706388889,0,0.0,dataset1,,,,,
14/02/2018 22:11:00,4.0,rat,14/2/18 22:04,14/2/18 22:12,470.0,1.0,0.0,2,14/2/18 17:26,4.765,0,0.0,dataset1,,,,,
14/02/2018 22:26:00,,,,,,,,2,,5.0,0,,dataset2,103.0,2.0,3.3,6.0,1.0
14/02/2018 22:46:00,2.0,rat,14/2/18 22:43,14/2/18 22:52,187.0,1.0,0.0,2,14/2/18 17:26,5.341666667,0,0.0,dataset1,,,,,
14/02/2018 22:46:00,1.0,rat,14/2/18 22:43,14/2/18 22:52,204.0,1.0,0.0,2,14/2/18 17:26,5.346388889,0,0.0,dataset1,,,,,
14/02/2018 22:50:00,2.0,rat,14/2/18 22:43,14/2/18 22:52,420.0,1.0,0.0,2,14/2/18 17:26,5.406388889,0,0.0,dataset1,,,,,
14/02/2018 22:50:00,9.0,rat,14/2/18 22:43,14/2/18 22:52,434.0,1.0,0.0,2,14/2/18 17:26,5.410277778,0,0.0,dataset1,,,,,
14/02/2018 22:51:00,0.061201372,rat,14/2/18 22:43,14/2/18 22:52,512.0,1.0,0.0,2,14/2/18 17:26,5.431944444,0,0.0,dataset1,,,,,
14/02/2018 22:52:00,1.0,rat,14/2/18 22:43,14/2/18 22:52,518.0,1.0,0.0,2,14/2/18 17:26,5.433611111,0,0.0,dataset1,,,,,
14/02/2018 22:56:00,,,,,,,,2,,5.5,0,,dataset2,91.0,1.854262673,0.0,0.0,0.0
14/02/2018 23:26:00,,,,,,,,2,,6.0,0,,dataset2,41.0,1.339285714,0.0,0.0,0.0
14/02/2018 23:56:00,,,,,,,,2,,6.5,0,,dataset2,76.0,1.005760369,0.0,0.0,0.0
15/02/2018 00:26:00,,,,,,,,2,,7.0,0,,dataset2,32.0,1.0,0.0,0.0,0.0
15/02/2018 00:56:00,,,,,,,,2,,7.5,0,,dataset2,34.0,0.828133263,0.0,0.0,0.0
15/02/2018 01:26:00,,,,,,,,2,,8.0,0,,dataset2,62.0,0.344262295,0.0,0.0,0.0
15/02/2018 01:56:00,,,,,,,,2,,8.5,0,,dataset2,33.0,0.049180328,0.0,0.0,0.0
15/02/2018 02:26:00,,,,,,,,2,,9.0,0,,dataset2,36.0,0.0,0.583333333,2.0,1.0
15/02/2018 02:56:00,,,,,,,,2,,9.5,0,,dataset2,46.0,0.0,0.0,0.0,0.0
15/02/2018 03:26:00,,,,,,,,2,,10.0,0,,dataset2,8.0,0.0,0.0,0.0,0.0
15/02/2018 17:26:00,,,,,,,,2,,0.0,0,,dataset2,8.0,4.0,0.0,0.0,0.0
15/02/2018 17:56:00,,,,,,,,2,,0.5,0,,dataset2,9.0,4.0,5.55,1.0,1.0
15/02/2018 18:21:00,0.050105814,fast,15/2/18 18:20,15/2/18 18:28,54.0,0.0,1.0,2,15/2/18 17:26,0.9225,0,0.0,dataset1,,,,,
15/02/2018 18:26:00,,,,,,,,2,,1.0,0,,dataset2,29.0,4.0,7.833333333,5.0,1.0
15/02/2018 18:52:00,6.0,bat,15/2/18 18:49,15/2/18 18:55,179.0,1.0,0.0,2,15/2/18 17:26,1.440277778,0,0.0,dataset1,,,,,
15/02/2018 18:52:00,6.0,pick,15/2/18 18:49,15/2/18 18:55,201.0,0.0,1.0,2,15/2/18 17:26,1.446388889,0,0.0,dataset1,,,,,
15/02/2018 18:54:00,1.0,rat,15/2/18 18:49,15/2/18 18:55,321.0,1.0,0.0,2,15/2/18 17:26,1.479722222,0,0.0,dataset1,,,,,
15/02/2018 18:56:00,,,,,,,,2,,1.5,0,,dataset2,34.0,3.822307272,0.55,4.0,1.0
15/02/2018 19:26:00,,,,,,,,2,,2.0,0,,dataset2,51.0,3.322033898,1.266666667,1.0,1.0
15/02/2018 19:31:00,1.0,fast,15/2/18 19:30,15/2/18 19:31,30.0,0.0,1.0,2,15/2/18 17:26,2.085833333,0,0.0,dataset1,,,,,
15/02/2018 19:31:00,0.085595674,rat,15/2/18 19:30,15/2/18 19:31,71.0,1.0,0.0,2,15/2/18 17:26,2.097222222,0,0.0,dataset1,,,,,
15/02/2018 19:56:00,,,,,,,,2,,2.5,0,,dataset2,61.0,3.005467469,0.366666667,1.0,1.0
15/02/2018 20:26:00,,,,,,,,2,,3.0,0,,dataset2,65.0,3.0,0.0,0.0,0.0
15/02/2018 20:56:00,,,,,,,,2,,3.5,0,,dataset2,72.0,3.0,0.0,0.0,0.0
15/02/2018 21:26:00,,,,,,,,2,,4.0,0,,dataset2,88.0,3.0,0.0,0.0,0.0
15/02/2018 21:56:00,,,,,,,,2,,4.5,0,,dataset2,50.0,2.830905307,0.0,0.0,0.0
15/02/2018 22:26:00,,,,,,,,2,,5.0,0,,dataset2,107.0,2.35483871,0.0,0.0,0.0
15/02/2018 22:56:00,,,,,,,,2,,5.5,0,,dataset2,70.0,2.014568158,0.0,0.0,0.0
15/02/2018 23:26:00,,,,,,,,2,,6.0,0,,dataset2,55.0,2.0,0.0,0.0,0.0
15/02/2018 23:56:00,,,,,,,,2,,6.5,0,,dataset2,45.0,2.0,0.0,0.0,0.0
16/02/2018 00:26:00,,,,,,,,2,,7.0,0,,dataset2,43.0,2.0,0.0,0.0,0.0
16/02/2018 00:56:00,,,,,,,,2,,7.5,0,,dataset2,40.0,1.849097868,0.0,0.0,0.0
16/02/2018 01:26:00,,,,,,,,2,,8.0,0,,dataset2,48.0,1.355932203,0.0,0.0,0.0
16/02/2018 01:56:00,,,,,,,,2,,8.5,0,,dataset2,37.0,1.011481684,0.0,0.0,0.0
16/02/2018 02:26:00,,,,,,,,2,,9.0,0,,dataset2,34.0,1.0,0.0,0.0,0.0
16/02/2018 02:56:00,,,,,,,,2,,9.5,0,,dataset2,25.0,1.0,0.0,0.0,0.0
16/02/2018 03:26:00,,,,,,,,2,,10.0,0,,dataset2,6.0,1.0,0.0,0.0,0.0
16/02/2018 03:56:00,,,,,,,,2,,10.5,0,,dataset2,10.0,1.0,0.0,0.0,0.0
16/02/2018 04:26:00,,,,,,,,2,,11.0,0,,dataset2,15.0,0.0,0.0,0.0,0.0
16/02/2018 04:56:00,,,,,,,,2,,11.5,0,,dataset2,3.0,0.0,0.0,0.0,0.0
16/02/2018 05:26:00,,,,,,,,2,,12.0,0,,dataset2,2.0,0.0,0.0,0.0,0.0
16/02/2018 17:27:00,,,,,,,,2,,0.0,0,,dataset2,10.0,4.0,0.0,0.0,0.0
16/02/2018 17:57:00,,,,,,,,2,,0.5,0,,dataset2,3.0,4.0,0.0,0.0,0.0
16/02/2018 18:27:00,,,,,,,,2,,1.0,0,,dataset2,17.0,4.0,0.0,0.0,0.0
16/02/2018 18:57:00,,,,,,,,2,,1.5,0,,dataset2,53.0,4.0,0.0,0.0,0.0
16/02/2018 19:27:00,,,,,,,,2,,2.0,0,,dataset2,57.0,4.0,0.0,0.0,0.0
16/02/2018 19:57:00,,,,,,,,2,,2.5,0,,dataset2,48.0,3.800105764,0.0,0.0,0.0
16/02/2018 20:27:00,,,,,,,,2,,3.0,0,,dataset2,45.0,3.31147541,0.0,0.0,0.0
16/02/2018 20:57:00,,,,,,,,2,,3.5,0,,dataset2,58.0,3.005288207,0.0,0.0,0.0
16/02/2018 21:27:00,,,,,,,,2,,4.0,0,,dataset2,45.0,3.0,0.0,0.0,0.0
16/02/2018 21:57:00,,,,,,,,2,,4.5,0,,dataset2,53.0,3.0,1.816666667,2.0,1.0
16/02/2018 22:18:00,2.0,rat,16/2/18 22:18,16/2/18 22:22,25.0,1.0,0.0,2,16/2/18 17:27,4.860277778,0,0.0,dataset1,,,,,
16/02/2018 22:21:00,16.0,rat,16/2/18 22:18,16/2/18 22:22,181.0,1.0,0.0,2,16/2/18 17:27,4.903611111,0,0.0,dataset1,,,,,
16/02/2018 22:21:00,2.0,rat,16/2/18 22:18,16/2/18 22:22,201.0,1.0,0.0,2,16/2/18 17:27,4.909166667,0,0.0,dataset1,,,,,
16/02/2018 22:21:00,1.0,fast,16/2/18 22:18,16/2/18 22:22,206.0,0.0,1.0,2,16/2/18 17:27,4.910555556,0,0.0,dataset1,,,,,
16/02/2018 22:22:00,0.07570842,rat,16/2/18 22:18,16/2/18 22:22,250.0,1.0,0.0,2,16/2/18 17:27,4.922777778,0,0.0,dataset1,,,,,
16/02/2018 22:27:00,,,,,,,,2,,5.0,0,,dataset2,65.0,3.0,0.0,0.0,0.0
16/02/2018 22:57:00,,,,,,,,2,,5.5,0,,dataset2,70.0,2.796774194,0.0,0.0,0.0
16/02/2018 23:27:00,,,,,,,,2,,6.0,0,,dataset2,41.0,2.3,0.0,0.0,0.0
16/02/2018 23:57:00,,,,,,,,2,,6.5,0,,dataset2,52.0,2.003225806,0.0,0.0,0.0
17/02/2018 00:27:00,,,,,,,,2,,7.0,0,,dataset2,44.0,2.0,0.0,0.0,0.0
17/02/2018 00:57:00,,,,,,,,2,,7.5,0,,dataset2,59.0,2.0,0.0,0.0,0.0
17/02/2018 01:27:00,,,,,,,,2,,8.0,0,,dataset2,49.0,2.0,0.0,0.0,0.0
17/02/2018 01:57:00,,,,,,,,2,,8.5,0,,dataset2,37.0,2.0,0.0,0.0,0.0
17/02/2018 02:27:00,,,,,,,,2,,9.0,0,,dataset2,35.0,2.0,0.0,0.0,0.0
17/02/2018 02:57:00,,,,,,,,2,,9.5,0,,dataset2,52.0,1.843803056,0.0,0.0,0.0
17/02/2018 03:27:00,,,,,,,,2,,10.0,0,,dataset2,32.0,1.333333333,0.0,0.0,0.0
17/02/2018 03:57:00,,,,,,,,2,,10.5,0,,dataset2,15.0,1.00565931,0.0,0.0,0.0
17/02/2018 04:27:00,,,,,,,,2,,11.0,0,,dataset2,17.0,1.0,0.0,0.0,0.0
17/02/2018 04:57:00,,,,,,,,2,,11.5,0,,dataset2,10.0,1.0,0.266666667,1.0,1.0
17/02/2018 05:27:00,,,,,,,,2,,12.0,0,,dataset2,5.0,0.0,3.933333333,1.0,1.0
17/02/2018 05:57:00,,,,,,,,2,,12.5,0,,dataset2,2.0,0.0,0.0,0.0,0.0
17/02/2018 06:27:00,,,,,,,,2,,13.0,0,,dataset2,3.0,0.0,0.0,0.0,0.0
17/02/2018 17:28:00,,,,,,,,2,,0.0,0,,dataset2,8.0,4.0,1.25,2.0,1.0
17/02/2018 17:42:00,0.050211363,fast,17/2/18 17:40,17/2/18 17:43,139.0,0.0,1.0,2,17/2/18 17:28,0.247777778,0,0.0,dataset1,,,,,
17/02/2018 17:58:00,,,,,,,,2,,0.5,0,,dataset2,13.0,4.0,4.033333333,1.0,1.0
17/02/2018 18:28:00,,,,,,,,2,,1.0,0,,dataset2,40.0,4.0,0.0,0.0,0.0
17/02/2018 18:58:00,,,,,,,,2,,1.5,0,,dataset2,45.0,3.800105764,0.0,0.0,0.0
17/02/2018 19:28:00,,,,,,,,2,,2.0,0,,dataset2,55.0,3.31147541,0.0,0.0,0.0
17/02/2018 19:58:00,,,,,,,,2,,2.5,0,,dataset2,63.0,3.005288207,0.0,0.0,0.0
17/02/2018 20:28:00,,,,,,,,2,,3.0,0,,dataset2,65.0,3.0,1.25,1.0,1.0
17/02/2018 20:50:00,2.0,rat,17/2/18 20:49,17/2/18 20:51,42.0,1.0,0.0,2,17/2/18 17:28,3.376666667,0,0.0,dataset1,,,,,
17/02/2018 20:50:00,1.0,rat,17/2/18 20:49,17/2/18 20:51,35.0,1.0,0.0,2,17/2/18 17:28,3.374722222,0,0.0,dataset1,,,,,
17/02/2018 20:50:00,2.0,rat,17/2/18 20:49,17/2/18 20:51,20.0,1.0,0.0,2,17/2/18 17:28,3.370555556,0,0.0,dataset1,,,,,
17/02/2018 20:58:00,,,,,,,,2,,3.5,0,,dataset2,68.0,3.0,0.116666667,1.0,1.0
17/02/2018 21:28:00,,,,,,,,2,,4.0,0,,dataset2,71.0,3.0,0.0,0.0,0.0
17/02/2018 21:58:00,,,,,,,,2,,4.5,0,,dataset2,45.0,3.0,0.0,0.0,0.0
17/02/2018 22:28:00,,,,,,,,2,,5.0,0,,dataset2,63.0,3.0,0.0,0.0,0.0
17/02/2018 22:58:00,,,,,,,,2,,5.5,0,,dataset2,52.0,2.796774194,0.0,0.0,0.0
17/02/2018 23:28:00,,,,,,,,2,,6.0,0,,dataset2,45.0,2.3,0.9,1.0,1.0
17/02/2018 23:58:00,,,,,,,,2,,6.5,0,,dataset2,72.0,2.003225806,0.0,0.0,0.0
18/02/2018 00:28:00,,,,,,,,2,,7.0,0,,dataset2,62.0,2.0,0.0,0.0,0.0
18/02/2018 00:58:00,,,,,,,,2,,7.5,0,,dataset2,78.0,2.0,0.0,0.0,0.0
18/02/2018 01:28:00,,,,,,,,2,,8.0,0,,dataset2,44.0,2.0,0.0,0.0,0.0
18/02/2018 01:58:00,,,,,,,,2,,8.5,0,,dataset2,52.0,1.814383924,0.0,0.0,0.0
18/02/2018 02:28:00,,,,,,,,2,,9.0,0,,dataset2,46.0,1.327868852,0.0,0.0,0.0
18/02/2018 02:58:00,,,,,,,,2,,9.5,0,,dataset2,56.0,0.82400475,0.0,0.0,0.0
18/02/2018 03:28:00,,,,,,,,2,,10.0,0,,dataset2,38.0,0.298245614,0.0,0.0,0.0
18/02/2018 03:58:00,,,,,,,,2,,10.5,0,,dataset2,4.0,0.01754386,0.0,0.0,0.0
18/02/2018 17:29:00,,,,,,,,2,,0.0,0,,dataset2,14.0,4.0,0.2,2.0,1.0
18/02/2018 17:59:00,,,,,,,,2,,0.5,0,,dataset2,9.0,4.0,0.0,0.0,0.0
18/02/2018 18:29:00,,,,,,,,2,,1.0,0,,dataset2,30.0,4.0,0.0,0.0,0.0
18/02/2018 18:59:00,,,,,,,,2,,1.5,0,,dataset2,46.0,4.0,0.0,0.0,0.0
18/02/2018 19:29:00,,,,,,,,2,,2.0,0,,dataset2,52.0,4.0,0.0,0.0,0.0
18/02/2018 19:59:00,,,,,,,,2,,2.5,0,,dataset2,50.0,3.766129032,1.25,1.0,1.0
18/02/2018 20:29:00,,,,,,,,2,,3.0,0,,dataset2,71.0,3.266666667,0.0,0.0,0.0
18/02/2018 20:59:00,,,,,,,,2,,3.5,0,,dataset2,65.0,3.000537634,0.0,0.0,0.0
18/02/2018 21:29:00,,,,,,,,2,,4.0,0,,dataset2,52.0,3.0,0.0,0.0,0.0
18/02/2018 21:59:00,,,,,,,,2,,4.5,0,,dataset2,60.0,3.0,0.0,0.0,0.0
18/02/2018 22:29:00,,,,,,,,2,,5.0,0,,dataset2,52.0,3.0,0.0,0.0,0.0
18/02/2018 22:59:00,,,,,,,,2,,5.5,0,,dataset2,62.0,2.785298784,0.0,0.0,0.0
18/02/2018 23:29:00,,,,,,,,2,,6.0,0,,dataset2,59.0,2.295081967,0.0,0.0,0.0
18/02/2018 23:59:00,,,,,,,,2,,6.5,0,,dataset2,37.0,2.003172924,0.0,0.0,0.0
19/02/2018 00:29:00,,,,,,,,2,,7.0,0,,dataset2,39.0,2.0,3.616666667,1.0,1.0
19/02/2018 00:33:00,0.057540536,fast,19/2/18 00:31,19/2/18 00:34,157.0,0.0,1.0,2,18/2/18 17:29,7.078055556,0,0.0,dataset1,,,,,
19/02/2018 00:59:00,,,,,,,,2,,7.5,0,,dataset2,47.0,1.777265745,0.0,0.0,0.0
19/02/2018 01:29:00,,,,,,,,2,,8.0,0,,dataset2,40.0,1.301587302,0.2,1.0,1.0
19/02/2018 01:33:00,3.0,rat,19/2/18 01:33,19/2/18 01:33,6.0,1.0,0.0,2,18/2/18 17:29,8.078333333,0,0.0,dataset1,,,,,
19/02/2018 01:59:00,,,,,,,,2,,8.5,0,,dataset2,37.0,1.005120328,0.0,0.0,0.0
19/02/2018 02:29:00,,,,,,,,2,,9.0,0,,dataset2,32.0,1.0,0.0,0.0,0.0
19/02/2018 02:59:00,,,,,,,,2,,9.5,0,,dataset2,22.0,1.0,0.433333333,1.0,1.0
19/02/2018 03:29:00,,,,,,,,2,,10.0,0,,dataset2,22.0,1.0,0.0,0.0,0.0
19/02/2018 03:59:00,,,,,,,,2,,10.5,0,,dataset2,11.0,1.0,0.0,0.0,0.0
19/02/2018 04:29:00,,,,,,,,2,,11.0,0,,dataset2,5.0,0.0,0.0,0.0,0.0
19/02/2018 04:59:00,,,,,,,,2,,11.5,0,,dataset2,3.0,0.0,0.0,0.0,0.0
19/02/2018 17:30:00,,,,,,,,2,,0.0,0,,dataset2,9.0,4.0,0.0,0.0,0.0
19/02/2018 18:00:00,,,,,,,,2,,0.5,0,,dataset2,19.0,4.0,0.0,0.0,0.0
19/02/2018 18:30:00,,,,,,,,2,,1.0,0,,dataset2,22.0,4.0,0.0,0.0,0.0
19/02/2018 19:00:00,,,,,,,,2,,1.5,0,,dataset2,41.0,4.0,0.0,0.0,0.0
19/02/2018 19:30:00,,,,,,,,2,,2.0,0,,dataset2,34.0,4.0,0.0,0.0,0.0
19/02/2018 20:00:00,,,,,,,,2,,2.5,0,,dataset2,43.0,3.769962983,0.0,0.0,0.0
19/02/2018 20:30:00,,,,,,,,2,,3.0,0,,dataset2,55.0,3.278688525,0.0,0.0,0.0
19/02/2018 21:00:00,,,,,,,,2,,3.5,0,,dataset2,84.0,3.001586462,0.0,0.0,0.0
19/02/2018 21:30:00,,,,,,,,2,,4.0,0,,dataset2,90.0,3.0,0.0,0.0,0.0
19/02/2018 22:00:00,,,,,,,,2,,4.5,0,,dataset2,90.0,3.0,0.0,0.0,0.0
19/02/2018 22:30:00,,,,,,,,2,,5.0,0,,dataset2,81.0,3.0,0.0,0.0,0.0
19/02/2018 23:00:00,,,,,,,,2,,5.5,0,,dataset2,58.0,2.774193548,0.0,0.0,0.0
19/02/2018 23:30:00,,,,,,,,2,,6.0,0,,dataset2,55.0,2.25862069,0.0,0.0,0.0
20/02/2018 00:00:00,,,,,,,,2,,6.5,0,,dataset2,32.0,2.0,0.0,0.0,0.0
20/02/2018 00:30:00,,,,,,,,2,,7.0,0,,dataset2,37.0,2.0,0.0,0.0,0.0
20/02/2018 01:00:00,,,,,,,,2,,7.5,0,,dataset2,50.0,2.0,0.0,0.0,0.0
20/02/2018 01:30:00,,,,,,,,2,,8.0,0,,dataset2,36.0,2.0,3.166666667,1.0,1.0
20/02/2018 01:49:00,2.0,rat,20/2/18 01:47,20/2/18 01:50,151.0,1.0,0.0,2,19/2/18 17:30,8.333055556,0,0.0,dataset1,,,,,
20/02/2018 02:00:00,,,,,,,,2,,8.5,0,,dataset2,46.0,2.0,0.416666667,2.0,1.0
20/02/2018 02:12:00,3.0,bat,20/2/18 02:10,20/2/18 02:13,116.0,1.0,0.0,2,19/2/18 17:30,8.713055556,0,0.0,dataset1,,,,,
20/02/2018 02:30:00,,,,,,,,2,,9.0,0,,dataset2,26.0,2.0,0.0,0.0,0.0
20/02/2018 03:00:00,,,,,,,,2,,9.5,0,,dataset2,30.0,1.822307272,1.55,1.0,1.0
20/02/2018 03:10:00,1.0,rat,20/2/18 03:10,20/2/18 03:11,17.0,1.0,0.0,2,19/2/18 17:30,9.676111111,0,0.0,dataset1,,,,,
20/02/2018 03:30:00,,,,,,,,2,,10.0,0,,dataset2,20.0,1.322033898,0.0,0.0,0.0
20/02/2018 04:00:00,,,,,,,,2,,10.5,0,,dataset2,10.0,1.005467469,0.0,0.0,0.0
20/02/2018 04:30:00,,,,,,,,2,,11.0,0,,dataset2,10.0,1.0,0.0,0.0,0.0
20/02/2018 05:00:00,,,,,,,,2,,11.5,0,,dataset2,1.0,1.0,0.0,0.0,0.0
20/02/2018 05:30:00,,,,,,,,2,,12.0,0,,dataset2,2.0,0.0,0.0,0.0,0.0
